date,symbol,open,high,low,close,volume,sma_5,sma_20,sma_50,ema_12,ema_26,macd,macd_signal,macd_diff,rsi,bollinger_mavg,bollinger_high,bollinger_low,volume_ema,volume_ratio,daily_return,5d_return,10d_return,volatility,momentum_5d,momentum_10d,price_change_rate,high_low_diff
2024-03-26,NICL,190,187,98,139,4910,145.4,147.85,152.7,136.4843377938867,148.03973980952094,0.2453708547264455,2.209120823206915,-0.355883908975811,47.95750963124435,147.85,213.34282403439326,82.35717596560673,5557.162613677105,1.6619992327143105,0.3165467625899281,-0.18705035971223016,-0.17985611510791366,0.3074871855799807,-26.0,-25.0,-0.26842105263157895,0.9081632653061225
2024-03-27,NICL,170,154,151,183,5172,145.4,147.85,152.7,136.4843377938867,148.03973980952094,0.2453708547264455,2.209120823206915,-0.355883908975811,47.95750963124435,147.85,213.34282403439326,82.35717596560673,5557.162613677105,1.6619992327143105,0.3165467625899281,-0.18705035971223016,-0.17985611510791366,0.3074871855799807,-26.0,-25.0,0.07647058823529412,0.019867549668874173
2024-03-28,NICL,119,166,148,121,4505,145.4,147.85,152.7,136.4843377938867,148.03973980952094,0.2453708547264455,2.209120823206915,-0.355883908975811,47.95750963124435,147.85,213.34282403439326,82.35717596560673,5557.162613677105,1.6619992327143105,-0.3387978142076503,-0.18705035971223016,-0.17985611510791366,0.3074871855799807,-26.0,-25.0,0.01680672268907563,0.12162162162162163
2024-03-29,NICL,145,129,139,117,3672,145.4,147.85,152.7,136.4843377938867,148.03973980952094,0.2453708547264455,2.209120823206915,-0.355883908975811,47.95750963124435,147.85,213.34282403439326,82.35717596560673,5557.162613677105,1.6619992327143105,-0.03305785123966942,-0.18705035971223016,-0.17985611510791366,0.3074871855799807,-26.0,-25.0,-0.19310344827586207,-0.07194244604316546
2024-04-01,NICL,185,127,139,167,4383,145.4,147.85,152.7,136.4843377938867,148.03973980952094,0.2453708547264455,2.209120823206915,-0.355883908975811,47.95750963124435,147.85,213.34282403439326,82.35717596560673,5557.162613677105,1.6619992327143105,0.4273504273504274,-0.18705035971223016,-0.17985611510791366,0.3074871855799807,-26.0,-25.0,-0.0972972972972973,-0.08633093525179857
2024-04-02,NICL,164,163,176,113,4809,140.2,147.85,152.7,136.4843377938867,148.03973980952094,0.2453708547264455,2.209120823206915,-0.355883908975811,47.95750963124435,147.85,213.34282403439326,82.35717596560673,5557.162613677105,1.6619992327143105,-0.32335329341317365,-0.18705035971223016,-0.17985611510791366,0.3074871855799807,-26.0,-25.0,-0.31097560975609756,-0.07386363636363637
2024-04-03,NICL,125,184,124,118,5581,127.2,147.85,152.7,136.4843377938867,148.03973980952094,0.2453708547264455,2.209120823206915,-0.355883908975811,47.95750963124435,147.85,213.34282403439326,82.35717596560673,5557.162613677105,1.6619992327143105,0.04424778761061954,-0.35519125683060104,-0.17985611510791366,0.3074871855799807,-65.0,-25.0,-0.056,0.4838709677419355
2024-04-04,NICL,135,206,163,204,8073,143.8,147.85,152.7,136.4843377938867,148.03973980952094,0.2453708547264455,2.209120823206915,-0.355883908975811,47.95750963124435,147.85,213.34282403439326,82.35717596560673,5557.162613677105,1.6619992327143105,0.728813559322034,0.6859504132231404,-0.17985611510791366,0.3074871855799807,83.0,-25.0,0.5111111111111111,0.26380368098159507
2024-04-05,NICL,137,137,180,158,2613,152.0,147.85,152.7,136.4843377938867,148.03973980952094,0.2453708547264455,2.209120823206915,-0.355883908975811,47.95750963124435,147.85,213.34282403439326,82.35717596560673,5557.162613677105,1.6619992327143105,-0.22549019607843135,0.3504273504273505,-0.17985611510791366,0.3074871855799807,41.0,-25.0,0.15328467153284672,-0.2388888888888889
2024-04-08,NICL,117,147,167,141,3321,146.8,147.85,152.7,136.4843377938867,148.03973980952094,0.2453708547264455,2.209120823206915,-0.355883908975811,47.95750963124435,147.85,213.34282403439326,82.35717596560673,5557.162613677105,1.6619992327143105,-0.10759493670886078,-0.15568862275449102,-0.17985611510791366,0.3074871855799807,-26.0,-25.0,0.20512820512820512,-0.11976047904191617
2024-04-09,NICL,139,153,156,114,4202,147.0,147.85,152.7,136.4843377938867,148.03973980952094,0.2453708547264455,2.209120823206915,-0.355883908975811,47.95750963124435,147.85,213.34282403439326,82.35717596560673,5557.162613677105,1.6619992327143105,-0.19148936170212771,0.008849557522123908,-0.17985611510791366,0.3074871855799807,1.0,-25.0,-0.17985611510791366,-0.019230769230769232
2024-04-10,NICL,163,153,132,109,1419,145.2,147.85,152.7,136.4843377938867,148.03973980952094,0.2453708547264455,2.209120823206915,-0.355883908975811,47.95750963124435,147.85,213.34282403439326,82.35717596560673,5557.162613677105,1.6619992327143105,-0.04385964912280704,-0.07627118644067798,-0.40437158469945356,0.3074871855799807,-9.0,-74.0,-0.3312883435582822,0.1590909090909091
2024-04-11,NICL,196,201,111,116,6257,127.6,147.85,152.7,133.33290121021184,148.03973980952094,0.2453708547264455,2.209120823206915,-0.355883908975811,47.95750963124435,147.85,213.34282403439326,82.35717596560673,5557.162613677105,1.6619992327143105,0.06422018348623859,-0.43137254901960786,-0.04132231404958675,0.3074871855799807,-88.0,-5.0,-0.40816326530612246,0.8108108108108109
2024-04-12,NICL,165,184,119,127,10486,121.4,147.85,152.7,132.3586087163331,148.03973980952094,0.2453708547264455,2.209120823206915,-0.355883908975811,47.95750963124435,147.85,213.34282403439326,82.35717596560673,5557.162613677105,1.6619992327143105,0.09482758620689657,-0.19620253164556967,0.08547008547008539,0.3074871855799807,-31.0,10.0,-0.23030303030303031,0.5462184873949579
2024-04-15,NICL,104,121,154,147,6612,122.6,147.85,152.7,134.61113045228186,148.03973980952094,0.2453708547264455,2.209120823206915,-0.355883908975811,52.102796793977376,147.85,213.34282403439326,82.35717596560673,5557.162613677105,1.6619992327143105,0.15748031496062986,0.042553191489361764,-0.11976047904191611,0.3074871855799807,6.0,-20.0,0.41346153846153844,-0.21428571428571427
2024-04-16,NICL,145,140,184,200,3981,139.8,147.85,152.7,144.67095653654619,148.03973980952094,0.2453708547264455,2.209120823206915,-0.355883908975811,60.97397704976328,147.85,213.34282403439326,82.35717596560673,5557.162613677105,1.6619992327143105,0.3605442176870748,0.7543859649122806,0.7699115044247788,0.3074871855799807,86.0,87.0,0.3793103448275862,-0.2391304347826087
2024-04-17,NICL,129,178,169,184,5684,154.8,147.85,152.7,150.72157860784677,148.03973980952094,0.2453708547264455,2.209120823206915,-0.355883908975811,57.51098983839638,147.85,213.34282403439326,82.35717596560673,5557.162613677105,1.6619992327143105,-0.07999999999999996,0.6880733944954129,0.5593220338983051,0.3074871855799807,75.0,66.0,0.4263565891472868,0.05325443786982249
2024-04-18,NICL,107,114,137,194,8268,170.4,147.85,152.7,157.37979728356265,148.03973980952094,0.2453708547264455,2.209120823206915,-0.355883908975811,59.07541693332194,147.85,213.34282403439326,82.35717596560673,5557.162613677105,1.6619992327143105,0.05434782608695654,0.6724137931034482,-0.0490196078431373,0.3074871855799807,78.0,-10.0,0.8130841121495327,-0.1678832116788321
2024-04-19,NICL,127,145,97,118,2149,168.6,147.85,152.7,151.32136693224533,148.03973980952094,0.2453708547264455,2.209120823206915,-0.355883908975811,45.39534667023333,147.85,213.34282403439326,82.35717596560673,5557.162613677105,1.6619992327143105,-0.3917525773195877,-0.07086614173228345,-0.25316455696202533,0.3074871855799807,-9.0,-40.0,-0.07086614173228346,0.4948453608247423
2024-04-22,NICL,198,182,182,187,9236,176.6,147.85,152.7,156.81038740420757,148.03973980952094,0.2453708547264455,2.209120823206915,-0.355883908975811,55.47613643635021,147.85,213.34282403439326,82.35717596560673,5557.162613677105,1.6619992327143105,0.5847457627118644,0.27210884353741505,0.3262411347517731,0.3074871855799807,40.0,46.0,-0.05555555555555555,0.0
2024-04-23,NICL,174,178,165,155,2046,167.6,148.65,152.7,156.5318662650987,148.03973980952094,0.2453708547264455,2.209120823206915,-0.355883908975811,50.79282693957656,148.65,214.08172013633754,83.21827986366246,5222.766174279285,0.3917464293301121,-0.17112299465240643,-0.22499999999999998,0.35964912280701755,0.3074871855799807,-45.0,41.0,-0.10919540229885058,0.07878787878787878
2024-04-24,NICL,179,198,125,156,1410,162.0,147.3,152.7,156.45004068585274,148.03973980952094,0.2453708547264455,2.209120823206915,-0.355883908975811,50.932231718575785,147.3,210.93049583336597,83.66950416663407,4859.645586252687,0.29014461548157106,0.006451612903225712,-0.15217391304347827,0.4311926605504588,0.30089204498040417,-28.0,47.0,-0.12849162011173185,0.584
2024-04-25,NICL,195,153,176,184,4243,160.0,150.45,152.7,160.68849596495232,148.03973980952094,0.2453708547264455,2.209120823206915,-0.355883908975811,54.794014998989546,150.45,214.79430821758828,86.1056917824117,4800.917435181003,0.8837894126042247,0.17948717948717952,-0.05154639175257736,0.5862068965517242,0.28948523591356196,-10.0,68.0,-0.05641025641025641,-0.13068181818181818
2024-04-26,NICL,167,167,174,153,1920,167.0,152.25,152.7,159.50565043188274,148.03973980952094,0.2453708547264455,2.209120823206915,-0.355883908975811,50.09334294737856,152.25,214.73799884777875,89.76200115222125,4526.544346116146,0.4241646282881098,-0.1684782608695652,0.2966101694915255,0.20472440944881898,0.2932553181986026,35.0,26.0,-0.08383233532934131,-0.040229885057471264
2024-04-29,NICL,110,181,90,120,9708,153.6,149.9,152.7,153.42785805774693,148.03973980952094,0.2453708547264455,2.209120823206915,-0.355883908975811,45.60791413310894,149.9,213.51729324641218,86.28270675358783,5020.016313152703,1.9338582575049679,-0.21568627450980393,-0.3582887700534759,-0.18367346938775508,0.28483197402565325,-67.0,-27.0,0.09090909090909091,1.011111111111111
2024-04-30,NICL,188,141,181,120,2112,146.6,150.25,152.7,148.28511066424738,148.03973980952094,0.2453708547264455,2.209120823206915,-0.355883908975811,45.60791413310894,150.25,213.12408051017525,87.37591948982475,4743.062378566731,0.4452819363168925,0.0,-0.22580645161290325,-0.4,0.27339467064800377,-35.0,-80.0,-0.3617021276595745,-0.22099447513812154
2024-05-01,NICL,184,110,109,182,9957,151.8,153.45,152.7,153.47201671590165,150.55531463844534,2.916702077456307,2.209120823206915,-0.355883908975811,54.48765484058498,153.45,215.9463198916544,90.95368010834557,5239.62786632228,1.9003257967991658,0.5166666666666666,0.16666666666666674,-0.010869565217391353,0.2939625779844489,26.0,-2.0,-0.010869565217391304,0.009174311926605505
2024-05-02,NICL,149,184,120,115,2609,138.0,149.0,152.7,147.55324491345522,147.9215876281901,-0.36834271473489366,2.209120823206915,-0.355883908975811,45.78830267641141,149.0,209.09326085344344,88.90673914655655,4989.0918790534915,0.5229408604306899,-0.36813186813186816,-0.375,-0.4072164948453608,0.2628220935472178,-69.0,-79.0,-0.22818791946308725,0.5333333333333333
2024-05-03,NICL,179,150,145,178,6606,143.0,150.0,152.7,152.23736108061595,150.14961817425012,2.0877429063658326,2.209120823206915,-0.355883908975811,53.33310898387283,150.0,211.3123152392731,88.68768476072691,5143.083128667445,1.284443559385281,0.5478260869565217,0.1633986928104576,0.5084745762711864,0.28354283779850553,25.0,60.0,-0.00558659217877095,0.034482758620689655
2024-05-06,NICL,102,146,179,159,6965,150.8,150.9,152.7,153.27776706821348,150.80520201319456,2.4725650550189187,2.209120823206915,-0.355883908975811,51.02662893355085,150.9,212.18588744564283,89.61411255435719,5316.599021175307,1.3100480160830883,-0.1067415730337079,0.32499999999999996,-0.14973262032085566,0.283519296053952,39.0,-28.0,0.5588235294117647,-0.18435754189944134
2024-05-07,NICL,170,169,114,172,4442,161.2,153.8,152.7,156.15811059618062,152.3751870492542,3.782923546926412,2.209120823206915,-0.355883908975811,52.5390194411468,153.8,213.2898310638045,94.31016893619551,5233.303876301468,0.8487945865546209,0.08176100628930816,0.43333333333333335,0.10967741935483866,0.2782371598903023,52.0,17.0,0.011764705882352941,0.4824561403508772
2024-05-08,NICL,150,133,150,155,6650,155.8,156.1,152.7,155.97993973522975,152.56961763819834,3.410322097031411,2.209120823206915,-0.355883908975811,50.34930406587496,156.1,211.92794998923029,100.27205001076969,5368.227316653709,1.2387701950269285,-0.09883720930232553,-0.14835164835164838,-0.0064102564102563875,0.279535156335088,-27.0,-1.0,0.03333333333333333,-0.11333333333333333
2024-05-09,NICL,102,157,129,158,6253,164.4,158.2,152.7,156.29071823750212,152.97186818351696,3.318850053985159,2.209120823206915,-0.355883908975811,50.73948110049051,158.2,210.90901251209323,105.49098748790676,5452.491381734308,1.1468152010193677,0.019354838709677358,0.37391304347826093,-0.14130434782608692,0.27961515185352637,43.0,-26.0,0.5490196078431373,0.21705426356589147
2024-05-10,NICL,164,167,146,141,7005,157.0,158.9,152.7,153.9383000471172,152.0850631328861,1.853236914231104,2.209120823206915,-0.355883908975811,48.41753880337462,158.9,210.2883255224375,107.51167447756251,5600.349345378659,1.2508148274322284,-0.10759493670886078,-0.2078651685393258,-0.07843137254901966,0.2815690481487609,-37.0,-12.0,-0.1402439024390244,0.14383561643835616
2024-05-13,NICL,177,189,96,176,7693,160.4,160.35,152.7,157.33240773217608,153.8565399378575,3.4758677943185887,2.46247021742925,1.0133975768893388,53.16915348791991,160.35,211.94951550160135,108.75048449839863,5799.649407723548,1.3264594907676706,0.24822695035460995,0.10691823899371067,0.46666666666666656,0.2842796656048252,17.0,56.0,-0.005649717514124294,0.96875
2024-05-14,NICL,177,182,180,185,1825,163.0,159.6,152.7,161.58896038876438,156.1634629054236,5.425497483340791,3.0550756706115587,2.3704218127292327,54.33405903948238,159.6,209.27252761839284,109.92747238160715,5421.111368892734,0.33664683785545574,0.051136363636363535,0.07558139534883712,0.5416666666666667,0.27442668150704097,13.0,65.0,0.04519774011299435,0.011111111111111112
2024-05-15,NICL,127,137,175,125,5192,157.0,156.65,152.7,155.9598895597237,153.8550582457626,2.104831313961114,2.8650267992814697,-0.7601954853203559,46.100979936040055,156.65,207.17632976973493,106.12367023026509,5399.291238521998,0.9616076945353402,-0.32432432432432434,-0.19354838709677424,-0.3131868131868132,0.2847808899133992,-30.0,-57.0,-0.015748031496062992,-0.21714285714285714
2024-05-16,NICL,194,122,154,179,2849,161.2,155.9,152.7,159.50452193515085,155.71764652385426,3.7868754112965917,3.0493965216844945,0.7374788896120972,53.003155887476275,155.9,204.59866527945096,107.20133472054906,5156.40635866276,0.5525165787629754,0.43199999999999994,0.13291139240506333,0.5565217391304347,0.29953496441958705,21.0,64.0,-0.07731958762886598,-0.2077922077922078
2024-05-17,NICL,113,177,134,178,1971,168.6,158.9,152.7,162.3499800989738,157.36819122579098,4.981788873182808,3.4358749919841576,1.5459138811986501,52.86813837623746,158.9,205.2245075526983,112.57549244730173,4853.034324504401,0.40613765908224464,-0.005586592178770999,0.26241134751773054,0.0,0.2824886843024742,37.0,0.0,0.5752212389380531,0.3208955223880597
2024-05-20,NICL,115,168,116,189,3702,171.2,159.0,152.7,166.44998316067012,159.71128817202867,6.738694988641441,4.0964389913156145,2.642255997325827,54.24874128784345,159.0,205.57467122803982,112.42532877196018,4743.412007884935,0.780450864029141,0.061797752808988804,0.07386363636363646,0.18867924528301883,0.25360552148291526,13.0,30.0,0.6434782608695652,0.4482758620689655
2024-05-21,NICL,142,118,111,127,4950,159.6,157.6,152.7,160.3807549821055,157.28822978891546,3.0925251931900277,3.8956562316904972,-0.8031310385004695,46.059284976277354,157.6,206.21028697714095,108.98971302285904,4763.087054753037,1.0392419754454087,-0.328042328042328,-0.31351351351351353,-0.2616279069767442,0.26239485123259665,-58.0,-45.0,-0.1056338028169014,0.06306306306306306
2024-05-22,NICL,138,122,91,125,3187,159.6,156.05,152.7,154.93756190793542,154.8965090638106,0.04105284412480614,3.1247355541773594,-3.0836827100525532,45.818995936439435,156.05,206.69967916976378,105.40032083023625,4612.983525728938,0.6908760853414048,-0.015748031496062964,0.0,-0.19354838709677424,0.2625068495357968,0.0,-30.0,-0.09420289855072464,0.34065934065934067
2024-05-23,NICL,137,134,137,138,7121,151.4,153.75,152.7,152.3317831528684,153.64491579982464,-1.3131326469562339,2.237161913950641,-3.550294560906875,47.72790278122402,153.75,203.27928426698696,104.22071573301305,4851.842237564277,1.4676899312321594,0.10400000000000009,-0.22905027932960897,-0.12658227848101267,0.2606282990621959,-41.0,-20.0,0.0072992700729927005,-0.021897810218978103
2024-05-24,NICL,192,193,123,166,9373,149.0,154.4,152.7,154.43458574473482,154.56010722205986,-0.12552147732503727,1.7646252356955054,-1.8901467130205427,51.67694209674516,154.4,204.21325124904016,104.58674875095986,5282.428691129584,1.774373218845231,0.2028985507246377,-0.0674157303370787,0.17730496453900702,0.2600085288685108,-12.0,25.0,-0.13541666666666666,0.5691056910569106
2024-05-27,NICL,125,178,122,121,7524,135.4,154.45,152.7,149.29080332246792,152.07417335375914,-2.783370031291213,0.8550261822981619,-3.638396213589375,45.70124312079289,154.45,204.12685577811862,104.77314422188135,5495.911672926766,1.3690176348837144,-0.27108433734939763,-0.35978835978835977,-0.3125,0.26309363908227373,-68.0,-55.0,-0.032,0.45901639344262296
2024-05-28,NICL,119,161,130,185,4655,147.0,157.7,152.7,154.7845258882421,154.51312347570288,0.27140241253920294,0.7383014283463701,-0.4668990158071672,53.87114312301287,157.7,206.43233013103313,108.96766986896685,5415.82484693374,0.8595181955774486,0.5289256198347108,0.45669291338582685,0.0,0.28535225916468987,58.0,0.0,0.5546218487394958,0.23846153846153847
2024-05-29,NICL,108,149,120,131,5574,148.2,155.15,152.7,151.12536805928178,152.77141062565082,-1.646042566369033,0.2614326294032895,-1.9074751957723226,47.39183218207538,155.15,203.86662960427373,106.43337039572627,5430.889147225766,1.0263512748823715,-0.2918918918918919,0.04800000000000004,0.04800000000000004,0.2740669040514447,6.0,6.0,0.21296296296296297,0.24166666666666667
2024-05-30,NICL,137,164,131,170,10374,154.6,157.9,152.7,154.02915758862304,154.04760243115814,-0.01844484253510359,0.2054571350156109,-0.22390197755071448,51.89215876004042,157.9,203.33963028018604,112.46036971981397,5901.6616093947405,1.7578100349714783,0.2977099236641221,0.2318840579710144,-0.05027932960893855,0.26498430647188165,32.0,-9.0,0.24087591240875914,0.25190839694656486
2024-05-31,NICL,180,125,124,169,5499,155.2,157.45,152.7,156.33236411345027,155.15518743625753,1.1771766771927332,0.3998010434510354,0.7773756337416978,51.76986958900535,157.45,202.2583697538752,112.64163024612478,5863.312884690479,0.9378656926800332,-0.00588235294117645,0.01807228915662651,-0.050561797752809,0.23791939467154694,3.0,-9.0,-0.06111111111111111,0.008064516129032258
2024-06-03,NICL,118,138,129,166,6210,164.2,157.8,152.7,157.819692711381,155.95850688542365,1.8611858259573637,0.6920779999523011,1.1691078260050625,51.37869085650531,157.8,202.76042704423526,112.83957295576477,5896.330705196148,1.0531973714648384,-0.017751479289940808,0.3719008264462811,-0.12169312169312174,0.23617918010170583,45.0,-23.0,0.4067796610169492,0.06976744186046512
2024-06-04,NICL,151,187,137,148,3031,156.8,156.6,152.88,156.30897075578395,155.36898785687376,0.9399828989101877,0.7416589797438785,0.1983239191663092,48.9869480253684,156.6,201.26049708635136,111.93950291364862,5623.44206660604,0.5389937273470168,-0.10843373493975905,-0.19999999999999996,0.16535433070866135,0.23772684647080206,-37.0,21.0,-0.019867549668874173,0.36496350364963503
2024-06-05,NICL,132,199,186,197,5068,170.0,158.7,153.16,162.56912910104796,158.45276653414237,4.116362566905593,1.4165996971762216,2.699762869729372,55.11274690844912,158.7,206.68791514537799,110.71208485462199,5570.542822167369,0.9097856639450729,0.33108108108108114,0.5038167938931297,0.5760000000000001,0.2458526430079259,66.0,72.0,0.49242424242424243,0.06989247311827956
2024-06-06,NICL,148,159,162,108,2879,157.6,156.2,152.9,154.1738784701175,154.71552456865035,-0.5416460985328513,1.024950538034407,-1.5665966365672583,44.62976888814651,156.2,209.03786521047192,103.36213478952807,5314.205410532381,0.5417554982526691,-0.4517766497461929,-0.3647058823529412,-0.21739130434782605,0.26938370167772696,-62.0,-30.0,-0.2702702702702703,-0.018518518518518517
2024-06-07,NICL,112,116,180,134,3745,150.6,155.85,153.24,151.07020485933018,153.18104126726885,-2.1108364079386774,0.3977931488397901,-2.5086295567784678,47.75610855383635,155.85,209.17644747215024,102.52355252784976,5164.757276195965,0.7251066797002185,0.2407407407407407,-0.20710059171597628,-0.19277108433734935,0.27218543631290415,-35.0,-32.0,0.19642857142857142,-0.35555555555555557
2024-06-10,NICL,119,190,185,184,7838,154.2,156.25,153.58,156.136327188664,155.463927099323,0.6724000893410107,0.4527145369400343,0.21968555240097642,53.225627536102834,156.25,210.2902627676809,102.2097372323191,5419.351821320159,1.4462984243179577,0.3731343283582089,0.10843373493975905,0.5206611570247934,0.27871671880701837,18.0,63.0,0.5462184873949579,0.02702702702702703
2024-06-11,NICL,126,132,173,112,9920,147.0,152.6,153.56,149.3461230057926,152.2443769438176,-2.898253938024993,-0.21747915805297124,-2.680774779972022,45.79126946813413,152.6,208.21798270343862,96.98201729656137,5847.98498119443,1.6963107860057938,-0.3913043478260869,-0.2432432432432432,-0.39459459459459456,0.29488778728973053,-36.0,-73.0,-0.1111111111111111,-0.23699421965317918
2024-06-12,NICL,157,139,113,178,2197,143.2,155.25,154.76,153.75441177413222,154.1522008739052,-0.3977890997729787,-0.2535411463969728,-0.14424795337600593,52.36012113539249,155.25,210.40387565711043,100.09612434288957,5500.272125842579,0.39943478244968555,0.5892857142857142,-0.09644670050761417,0.3587786259541985,0.3094666372477297,-19.0,47.0,0.1337579617834395,0.23008849557522124
2024-06-13,NICL,177,180,114,111,6090,143.8,151.85,152.9,147.17680996272725,150.95574154991223,-3.778931587184985,-0.9586192345545753,-2.8203123526304097,46.23510027125229,151.85,209.0733344012737,94.62666559872626,5556.436685286143,1.0960261665766429,-0.3764044943820225,0.02777777777777768,-0.34705882352941175,0.311617122883928,3.0,-59.0,-0.3728813559322034,0.5789473684210527
2024-06-14,NICL,186,110,185,123,9315,141.6,149.1,152.2,143.4573007376923,148.88494587954835,-5.427645141856061,-1.8524244160148724,-3.5752207258411888,47.42143377475723,149.1,206.31852846762138,91.88147153237861,5914.395096211272,1.5749708716563653,0.10810810810810811,-0.08208955223880599,-0.272189349112426,0.3120994131968023,-11.0,-46.0,-0.3387096774193548,-0.40540540540540543
2024-06-17,NICL,101,202,109,161,10396,137.0,147.7,152.6,146.15617754727808,149.7823572958781,-3.6261797486000376,-2.2071754825319054,-1.4190042660681321,51.1009869457516,147.7,202.25309340449905,93.14690659550094,6341.214610857818,1.639433553029309,0.3089430894308942,-0.125,-0.030120481927710885,0.3182988494883906,-23.0,-5.0,0.594059405940594,0.8532110091743119
2024-06-18,NICL,195,161,178,139,3608,142.4,148.3,153.1,145.05522715538916,148.98366416285012,-3.928437007460957,-2.551427787517716,-1.377009219943241,48.964541518208286,148.3,202.18914547476143,94.41085452523859,6080.908457442788,0.5933323984813409,-0.1366459627329193,0.2410714285714286,-0.060810810810810856,0.3093608574684536,27.0,-9.0,-0.28717948717948716,-0.09550561797752809
2024-06-19,NICL,143,197,97,122,5724,131.2,148.15,153.36,141.50826913148313,146.98487422486122,-5.476605093378083,-3.1364632486897897,-2.3401418446882936,47.31826694783761,148.15,202.31373325390337,93.98626674609663,6046.91717578157,0.9465980488247993,-0.12230215827338131,-0.3146067415730337,-0.3807106598984772,0.3114792361673231,-56.0,-75.0,-0.14685314685314685,1.0309278350515463
2024-06-20,NICL,152,189,120,204,9164,149.8,151.45,155.12,151.12238157279342,151.2082168748715,-0.08583530207809531,-2.5263376593674507,2.4405023572893554,55.15114786438059,151.45,210.55490673370525,92.34509326629471,6343.782206659515,1.4445640946468659,0.6721311475409837,0.8378378378378379,0.8888888888888888,0.34154417055865804,93.0,96.0,0.34210526315789475,0.575
2024-06-21,NICL,193,149,167,105,5319,146.2,148.4,154.68,144.02663056159443,147.7853859952514,-3.7587554336569724,-2.772821214225355,-0.9859342194316172,46.2167222435249,148.4,210.4109667720154,86.38903322798461,6246.183901263371,0.8515599418909462,-0.4852941176470589,-0.14634146341463417,-0.21641791044776115,0.36193012411950504,-18.0,-29.0,-0.45595854922279794,-0.10778443113772455
2024-06-24,NICL,187,134,126,143,5868,142.6,149.5,154.6,143.86868739827221,147.4309129585661,-3.562225560293882,-2.930702083439061,-0.631523476854821,49.59225580167483,149.5,210.2963814712685,88.70361852873151,6210.166386857336,0.9449022191126042,0.36190476190476195,-0.11180124223602483,-0.22282608695652173,0.3610104078364322,-18.0,-41.0,-0.23529411764705882,0.06349206349206349
2024-06-25,NICL,116,202,176,197,4564,154.2,150.1,154.54,152.04273549084573,151.1026971838575,0.9400383069882423,-2.1565540053536005,3.096592312341843,54.00956247579108,150.1,212.50160254352446,87.69839745647553,6053.388635728066,0.7539578696570948,0.3776223776223777,0.4172661870503598,0.7589285714285714,0.35239655217257,58.0,85.0,0.6982758620689655,0.14772727272727273
2024-06-26,NICL,126,194,141,144,4145,158.6,150.75,153.74,150.80539156917715,150.5765714665347,0.22882010264245878,-1.6794791837543888,1.9082992863968475,49.43102572682043,150.75,212.61073067787027,88.88926932212973,5871.637337087298,0.7059359701626567,-0.2690355329949239,0.180327868852459,-0.1910112359550562,0.3512179436754639,22.0,-34.0,0.14285714285714285,0.375886524822695
2024-06-27,NICL,182,167,90,171,7678,152.0,150.8,153.28,153.91225440468835,152.08941802456914,1.8228363801192131,-0.9790160709796684,2.8018524510988816,51.678372923212635,150.8,212.72447012288438,88.87552987711564,6043.671876412317,1.2704197310853784,0.1875,-0.16176470588235292,0.5405405405405406,0.348223001192449,-33.0,60.0,-0.06043956043956044,0.8555555555555555
2024-06-28,NICL,187,160,173,135,3180,158.0,149.1,153.62,151.00267680396706,150.82353520793438,0.17914159603267876,-0.747384537577199,0.9265261336098778,48.57843519974609,149.1,210.79894650640315,87.40105349359683,5770.941221515906,0.5510366295438858,-0.21052631578947367,0.2857142857142858,0.09756097560975618,0.3532094719737258,30.0,12.0,-0.27807486631016043,-0.07514450867052024
2024-07-01,NICL,199,180,158,160,3547,161.4,148.8,153.08,152.3868803725875,151.50327334067998,0.8836070319075304,-0.42118622368025316,1.3047932555877835,50.78620206271471,148.8,210.22507631252893,87.37492368747111,5559.137295657249,0.6380486416068347,0.18518518518518512,0.11888111888111896,-0.006211180124223614,0.3541032672038013,17.0,-1.0,-0.19597989949748743,0.13924050632911392
2024-07-02,NICL,174,188,129,194,4280,160.8,151.1,153.86,158.7888987768048,154.65117901914815,4.137719757656669,0.4905949725871312,3.6471247850695376,53.697810958883984,151.1,215.60085270754178,86.59914729245821,5437.314696070845,0.7871532620859425,0.2124999999999999,-0.015228426395939132,0.39568345323741005,0.3533781362125514,-3.0,55.0,0.11494252873563218,0.4573643410852713
2024-07-03,NICL,187,126,145,143,9295,160.6,148.4,153.6,156.35983742652715,153.78812872143345,2.571708705093698,0.9068177190884446,1.6648909860052536,49.01357780281766,148.4,209.4160634587319,87.3839365412681,5804.71329644505,1.601284942994943,-0.2628865979381443,-0.00694444444444442,0.1721311475409837,0.35569678705870755,-1.0,21.0,-0.23529411764705882,-0.1310344827586207
2024-07-04,NICL,190,199,155,144,7561,155.2,150.2,152.8,154.4583239762922,153.0630821494754,1.3952418268168003,1.0045025406341157,0.3907392861826846,49.10732358137052,150.2,208.40171818769613,91.99828181230384,5971.978696783617,1.2660795330820915,0.006993006993007089,-0.1578947368421053,-0.2941176470588235,0.33619533685018954,-27.0,-60.0,-0.24210526315789474,0.2838709677419355
2024-07-05,NICL,140,198,184,111,3694,150.4,149.05,151.96,147.77242797993955,149.9472982865513,-2.1748703066117514,0.3686279711849423,-2.5434982777966937,46.09533851485213,149.05,209.35746222483584,88.7425377751642,5755.028344708987,0.6418734676426331,-0.22916666666666663,-0.1777777777777778,0.05714285714285716,0.33992260822407555,-24.0,6.0,-0.20714285714285716,0.07608695652173914
2024-07-08,NICL,122,180,189,132,6577,144.8,146.45,152.2,145.3459005984104,148.6178687838438,-3.271968185433394,-0.359491260138725,-2.912476925294669,48.269747267725606,146.45,204.96316091273823,87.93683908726175,5833.311359498607,1.1274899614762404,0.18918918918918926,-0.17500000000000004,-0.07692307692307687,0.33299455121647387,-28.0,-11.0,0.08196721311475409,-0.047619047619047616
2024-07-09,NICL,198,193,116,193,2399,144.6,150.5,153.66,152.67730050634725,151.90543405911464,0.7718664472326111,-0.1332197186644578,0.9050861658970689,54.06596492871443,150.5,210.11711163751562,90.88288836248438,5506.234087165407,0.4356879787570016,0.46212121212121215,-0.005154639175257714,-0.02030456852791873,0.3300521746035188,-1.0,-4.0,-0.025252525252525252,0.6637931034482759
2024-07-10,NICL,124,129,95,133,2988,142.6,148.25,152.68,149.65002350537074,150.50503153621725,-0.8550080308465056,-0.2775773811008674,-0.5774306497456382,48.32980528402344,148.25,206.9351770040783,89.56482299592172,5266.40226934013,0.5673702552870863,-0.31088082901554404,-0.0699300699300699,-0.07638888888888884,0.31787821875601047,-10.0,-11.0,0.07258064516129033,0.35789473684210527
2024-07-11,NICL,141,125,177,189,3030,151.6,152.15,154.16,155.70386604300603,153.35651068168264,2.3473553613233946,0.24740916738398502,2.0999461939394095,53.308925374337036,152.15,210.7819878564594,93.51801214354062,5053.411577022022,0.5995949377599638,0.42105263157894735,0.3125,0.10526315789473695,0.31374968728528124,45.0,18.0,0.3404255319148936,-0.2937853107344633
2024-07-12,NICL,156,186,168,110,7189,151.4,151.5,152.8,148.67250203638972,150.1449172978543,-1.4724152614645902,-0.09655571838573002,-1.3758595430788603,46.50122210967118,151.5,211.67806909497847,91.32193090502155,5256.800950638973,1.3675617676043383,-0.417989417989418,-0.009009009009009028,-0.18518518518518523,0.33219209571495356,-1.0,-25.0,-0.2948717948717949,0.10714285714285714
2024-07-15,NICL,179,195,152,176,9739,160.2,152.25,153.14,152.87673249232978,152.06010860912437,0.8166238832054091,0.08608020193249781,0.7305436812729114,52.014526854043,152.25,213.2512294958061,91.24877050419391,5683.677050578118,1.7135034086796668,0.6000000000000001,0.33333333333333326,0.10000000000000009,0.3501599043263667,44.0,16.0,-0.01675977653631285,0.28289473684210525
2024-07-16,NICL,197,156,100,195,10331,160.6,155.05,153.6,159.3572351858175,155.24084130474478,4.1163938810727245,0.8921429377605432,3.2242509433121813,53.50016783703492,155.05,218.45496825959307,91.64503174040695,6126.279236237344,1.6863416768356652,0.10795454545454541,0.010362694300518172,0.005154639175257714,0.347130791527675,2.0,1.0,-0.01015228426395939,0.56
2024-07-17,NICL,109,187,148,185,1668,171.0,158.2,154.2,163.30227592646096,157.44522343031923,5.857052496141733,1.8851248494367814,3.971927646704952,52.577521457939106,158.2,220.98088881180325,95.41911118819672,5701.68121373855,0.2925452927780059,-0.05128205128205132,0.39097744360902253,0.29370629370629375,0.34537795453241427,52.0,42.0,0.6972477064220184,0.2635135135135135
2024-07-18,NICL,135,204,107,166,1623,166.4,156.3,154.36,163.71731039931313,158.07891058362893,5.63839981568421,2.635779842686267,3.002619972997943,50.78544041971484,156.3,215.626553919809,96.97344608019102,5313.235383858688,0.3054635984941648,-0.10270270270270265,-0.12169312169312174,0.15277777777777768,0.3174798671588178,-23.0,22.0,0.22962962962962963,0.9065420560747663
2024-07-19,NICL,181,157,106,154,8851,175.2,158.75,154.62,162.2223395686496,157.77676905891568,4.445570509733926,2.997737976095799,1.447832533638127,49.63475723701289,158.75,213.250917423471,104.24908257652899,5650.165347300717,1.5665028288470237,-0.07228915662650603,0.3999999999999999,0.3873873873873874,0.2941864674606467,44.0,43.0,-0.14917127071823205,0.4811320754716981
2024-07-22,NICL,118,188,183,109,2519,161.8,157.05,153.28,154.0342873273189,154.16367505455156,-0.12938772723265402,2.3723128354301086,-2.5017005626627626,45.47379570937004,157.05,215.39543683956788,98.70456316043213,5351.959123748267,0.4706687666619934,-0.29220779220779225,-0.38068181818181823,-0.1742424242424242,0.2951283960718492,-67.0,-23.0,-0.07627118644067797,0.0273224043715847
2024-07-23,NICL,152,180,125,147,1486,152.2,154.55,152.52,152.95208927696214,153.63303245791812,-0.6809431809559783,1.7616616321528913,-2.4426048131088693,49.33622970072141,154.55,210.04945945682718,99.05054054317284,4983.772540534146,0.2981677008559333,0.3486238532110091,-0.24615384615384617,-0.23834196891191706,0.2933789338925599,-48.0,-46.0,-0.03289473684210526,0.44
2024-07-24,NICL,180,186,103,133,9192,141.8,154.0,152.68,149.8825370805064,152.10465968325752,-2.2221226027511136,0.9649047851720903,-3.187027387923204,47.98753585394551,154.0,210.12129720525002,97.87870279475,5384.5561081023225,1.7071045069376265,-0.09523809523809523,-0.2810810810810811,0.0,0.2867059188942385,-52.0,0.0,-0.2611111111111111,0.8058252427184466
2024-07-25,NICL,108,176,162,179,7070,144.4,154.4,152.68,154.3621467604285,154.09690711412733,0.26523964630115415,0.8249717573979032,-0.559732111096749,52.57496681646204,154.4,211.11119818871757,97.68880181128245,5545.074573997339,1.2750053954465344,0.34586466165413543,0.07831325301204828,-0.05291005291005291,0.29328564137082896,13.0,-10.0,0.6574074074074074,0.08641975308641975
2024-07-26,NICL,188,153,107,174,8279,148.4,156.35,152.6,157.3833549511318,155.57121029085863,1.8121446602731623,1.022406337972955,0.7897383223002072,52.03771586468398,156.35,212.94072362145587,99.75927637854412,5805.448424092831,1.4260741626162479,-0.027932960893854775,0.1298701298701299,0.5818181818181818,0.2878112277878223,20.0,64.0,-0.07446808510638298,0.42990654205607476
2024-07-29,NICL,101,138,168,186,9704,163.8,157.65,152.54,161.78591572788073,157.82519471375798,3.960721014122754,1.6100692732029152,2.350651740919839,53.27187861068804,157.65,215.692312152429,99.60768784757103,6176.739050369704,1.5710555231273975,0.06896551724137923,0.7064220183486238,0.05681818181818188,0.28612442677513983,77.0,10.0,0.8415841584158416,-0.17857142857142858
2024-07-30,NICL,132,191,97,186,2840,171.6,157.25,153.72,165.51115946205292,159.9122173275537,5.598942134499225,2.4078438454621773,3.191098289037048,53.27187861068804,157.25,214.38799086422276,100.11200913577724,5858.9543789059235,0.48472813002690246,0.0,0.26530612244897966,-0.0461538461538461,0.2835120093271741,39.0,-9.0,0.4090909090909091,0.9690721649484536
2024-07-31,NICL,143,184,128,150,8791,175.0,157.6,154.22,163.12482723712168,159.17797900699415,3.9468482301275287,2.715644722395248,1.231203507732281,48.89441586474263,157.6,214.46967557494946,100.73032442505053,6138.1968190101215,1.432179556832406,-0.19354838709677424,0.1278195488721805,-0.18918918918918914,0.2800884803575062,17.0,-35.0,0.04895104895104895,0.4375
2024-08-01,NICL,162,143,172,107,5285,160.6,155.75,153.6,154.49023843141063,155.31294352499458,-0.8227050935839486,2.0079747591994086,-2.830679852783357,44.2203263245259,155.75,216.54103552334013,94.95896447665987,6056.939979104395,0.8725528102032575,-0.2866666666666666,-0.4022346368715084,-0.35542168674698793,0.28933718768372557,-72.0,-59.0,-0.3395061728395062,-0.1686046511627907
2024-08-02,NICL,145,188,163,199,3622,165.6,160.15,154.26,161.33789405734746,158.54902178240238,2.788872274945078,2.164154262348543,0.624718012596535,54.28881528291336,160.15,220.08087684991773,100.21912315008227,5825.040933475405,0.6217982056031663,0.8598130841121496,0.14367816091954033,0.29220779220779214,0.33776021739164297,25.0,45.0,0.3724137931034483,0.15337423312883436
2024-08-05,NICL,182,163,92,113,4703,151.0,159.2,154.1,153.9012949716017,155.1750201688911,-1.2737251972894228,1.4765783704209499,-2.7503035677103727,45.94081700910204,159.2,221.44339322369888,96.9566067763011,5718.179892192033,0.8224645059561305,-0.4321608040201005,-0.3924731182795699,0.03669724770642202,0.3550915426611635,-73.0,4.0,-0.3791208791208791,0.7717391304347826
2024-08-06,NICL,143,128,100,112,3574,136.2,155.15,152.64,147.45494189904758,151.97687052675104,-4.52192862770346,0.2768769707960679,-4.798805598499528,45.85252498472376,155.15,218.5984830393919,91.70151696060812,5513.972283411839,0.6481715569648353,-0.008849557522123908,-0.3978494623655914,-0.23809523809523814,0.3414375542372125,-74.0,-35.0,-0.21678321678321677,0.28
2024-08-07,NICL,159,136,96,158,7964,137.8,156.4,153.18,149.07725852996333,152.42302826551023,-3.345769735546895,-0.4476523704725247,-2.8981173650743703,50.5595617152631,156.4,219.03353734222588,93.76646265777414,5747.308256420236,1.3856921613876425,0.4107142857142858,0.05333333333333323,0.18796992481203012,0.34242060183371426,8.0,25.0,-0.006289308176100629,0.4166666666666667
2024-08-08,NICL,150,172,130,125,2335,141.4,153.2,152.28,145.37306490996897,150.3916928384354,-5.0186279284664295,-1.3618474820713056,-3.656780446395124,47.377680490258676,153.2,215.3823125977154,91.01768740228457,5422.326517713546,0.43062696286770435,-0.2088607594936709,0.16822429906542058,-0.3016759776536313,0.3362914494795047,18.0,-54.0,-0.16666666666666666,0.3230769230769231
2024-08-09,NICL,192,198,179,172,7163,136.0,156.3,152.34,149.46951646228143,151.99230818373647,-2.522791721455036,-1.5940363299480516,-0.9287553915069844,52.01001466956858,156.3,215.6770999628645,96.92290003713552,5588.104944597971,1.2818298995842021,0.3759999999999999,-0.13567839195979903,-0.011494252873563204,0.32767458414317396,-27.0,-2.0,-0.10416666666666667,0.10614525139664804
2024-08-12,NICL,177,183,150,123,8867,138.0,153.65,151.48,145.397283160392,149.84472979975598,-4.447446639363989,-2.164718391831239,-2.2827282475327495,47.3319404300738,153.65,213.996582339019,93.30341766098101,5900.3806641600695,1.5027843972609578,-0.2848837209302325,0.08849557522123885,-0.33870967741935487,0.3112937845340051,10.0,-63.0,-0.3050847457627119,0.22
2024-08-13,NICL,106,178,181,191,6291,153.8,153.45,152.34,152.41308575110094,152.8932683331074,-0.48018258200644937,-1.8278112298662814,1.347628647859832,53.57287260300294,153.45,213.27131727068536,93.62868272931462,5937.582505668634,1.0595221193126927,0.5528455284552845,0.7053571428571428,0.026881720430107503,0.3328297152872096,79.0,5.0,0.8018867924528302,-0.016574585635359115
2024-08-14,NICL,117,126,130,166,10877,155.4,152.5,151.72,154.50338025093157,153.8641373454698,0.6392429054617708,-1.334400402800671,1.9736433082624418,51.17209927444193,152.5,210.8729389357774,94.1270610642226,6408.003219414479,1.6974086353523818,-0.13089005235602091,0.05063291139240511,0.10666666666666669,0.3345174344139417,8.0,16.0,0.4188034188034188,-0.03076923076923077
2024-08-15,NICL,143,181,159,128,5516,156.0,150.6,152.12,150.42593713540361,151.94827531987943,-1.5223381844758137,-1.3719879591356996,-0.1503502253401141,47.674870695746655,150.6,209.5623608753923,91.63763912460769,6323.050531851195,0.8723637383908562,-0.22891566265060237,0.02400000000000002,0.19626168224299056,0.33854387345019393,3.0,21.0,-0.1048951048951049,0.13836477987421383
2024-08-16,NICL,144,145,99,117,8121,145.0,148.75,151.78,145.28348526841845,149.35951418507355,-4.076028916655105,-1.9127961506395805,-2.163232766015524,46.68033915805549,148.75,209.46531931893293,88.03468068106706,6494.283814532034,1.2504843077273462,-0.0859375,-0.31976744186046513,-0.4120603015075377,0.3387852336181499,-55.0,-82.0,-0.1875,0.46464646464646464
2024-08-19,NICL,162,121,138,136,9832,147.6,150.1,150.82,143.85525676558484,148.36992054173479,-4.514663776149945,-2.4331696757416537,-2.081494100408291,48.67206000708104,150.1,208.3714338248167,91.82856617518328,6812.161546481364,1.4433010627997294,0.16239316239316248,0.10569105691056913,0.20353982300884965,0.330881379798803,13.0,23.0,-0.16049382716049382,-0.12318840579710146
2024-08-20,NICL,142,207,169,163,5152,142.0,150.9,151.84,146.8006018785718,149.4536301312359,-2.6530282526641145,-2.477141391126146,-0.1758868615379683,51.44759486617832,150.9,209.4180314091306,92.3819685908694,6654.050923006948,0.7742651896736349,0.19852941176470584,-0.1465968586387435,0.4553571428571428,0.32558021079169974,-28.0,51.0,0.14788732394366197,0.22485207100591717
2024-08-21,NICL,162,114,127,126,3691,134.0,150.55,150.8,143.60050928186843,147.7163241955888,-4.115814913720385,-2.8048760956449943,-1.3109388180753907,47.64538296398331,150.55,209.57363933205065,91.52636066794938,6371.855597006286,0.579266109190258,-0.22699386503067487,-0.24096385542168675,-0.20253164556962022,0.3299677112466034,-40.0,-32.0,-0.2222222222222222,-0.10236220472440945
2024-08-22,NICL,144,116,120,176,4011,143.6,150.4,152.1,148.58504631542712,149.81141129221186,-1.2263649767847369,-2.489173871872943,1.262808895088206,52.729487956811134,150.4,209.14827657046627,91.65172342953375,6147.012206815211,0.652512125411593,0.39682539682539675,0.375,0.4079999999999999,0.3326158917944604,48.0,51.0,0.2222222222222222,-0.03333333333333333
2024-08-23,NICL,101,181,169,180,6711,156.2,150.7,153.24,153.4181161130537,152.0476030483443,1.3705130647093995,-1.7172364845564743,3.0877495492658737,53.121686676230304,150.7,209.98608605735407,91.4139139426459,6200.725329975668,1.0822927388119503,0.022727272727272707,0.5384615384615385,0.04651162790697683,0.3322197204675484,63.0,8.0,0.7821782178217822,0.07100591715976332
2024-08-26,NICL,172,133,128,182,7277,165.4,150.5,153.66,157.81532901873774,154.2662991188373,3.5490298999004324,-0.663983207665093,4.2130131075655255,53.33018694233241,150.5,209.33366383287714,91.66633616712286,6303.227679501795,1.1544878862086687,0.011111111111111072,0.33823529411764697,0.47967479674796754,0.3322799385687253,46.0,59.0,0.05813953488372093,0.0390625
2024-08-27,NICL,152,199,150,192,1203,171.2,150.8,154.72,163.07450916970117,157.06138807299752,6.013121096703657,0.6714376532086571,5.341683443495,54.42174543655873,150.8,210.410737287841,91.18926271215904,5817.491710025433,0.20679015286379165,0.05494505494505497,0.17791411042944794,0.005235602094240788,0.3321139849064586,29.0,1.0,0.2631578947368421,0.32666666666666666
2024-08-28,NICL,123,131,162,170,2083,180.0,151.8,155.68,164.13996929743945,158.019803771294,6.120165526145456,1.761183227796017,4.358982298349439,51.56436547720673,151.8,211.99169377912534,91.60830622087468,5461.825832880154,0.3813742993158724,-0.11458333333333337,0.3492063492063493,0.024096385542168752,0.3295518853962918,44.0,4.0,0.3821138211382114,-0.19135802469135801
2024-08-29,NICL,129,185,158,156,7647,176.0,154.25,154.72,162.88766632860262,157.87018867712405,5.017477651478572,2.412442112532528,2.605035538946044,49.773417276188844,154.25,210.82870624183624,97.67129375816376,5669.937658320139,1.348692077553744,-0.08235294117647063,-0.11363636363636365,0.21875,0.32157595741131717,-20.0,28.0,0.20930232558139536,0.17088607594936708
2024-08-30,NICL,107,160,185,185,2358,177.0,153.55,156.32,166.2895638165099,159.8798043306704,6.4097594858395155,3.2119055871939257,3.1978538986455898,53.385124373172935,153.55,208.21068056656446,98.88931943343555,5354.515024194412,0.4403760171267353,0.1858974358974359,0.02777777777777768,0.5811965811965811,0.26368312833252344,5.0,68.0,0.7289719626168224,-0.13513513513513514
2024-09-02,NICL,138,124,90,119,1396,164.4,153.85,155.84,159.01424630627764,156.85167067654666,2.1625756297309806,3.002039595701337,-0.8394639659703564,45.386172684483356,153.85,207.67666625381884,100.02333374618117,4977.513593318754,0.2804613134304306,-0.3567567567567568,-0.34615384615384615,-0.125,0.2572113149287656,-63.0,-17.0,-0.13768115942028986,0.37777777777777777
2024-09-03,NICL,170,143,166,141,6984,154.2,155.3,154.72,156.24282379761956,155.67747284865433,0.5653509489652322,2.5147018663541165,-1.9493509173888843,48.17374456406218,155.3,206.01133995468865,104.58866004531137,5168.607536812206,1.3512343412143568,0.18487394957983194,-0.265625,-0.13496932515337423,0.25922591637937253,-51.0,-22.0,-0.17058823529411765,-0.13855421686746988
2024-09-04,NICL,101,157,90,166,5830,153.4,155.7,155.16,157.74392782875503,156.44210448949477,1.3018233392602667,2.2721261609353465,-0.9703028216750798,51.22066655131682,155.7,206.61600927016963,104.78399072983034,5231.597295211043,1.1143824096202377,0.17730496453900702,-0.02352941176470591,0.31746031746031744,0.24669599311446844,-4.0,40.0,0.6435643564356436,0.7444444444444445
2024-09-05,NICL,188,120,165,193,10314,160.8,159.1,155.6,163.1679389320235,159.1500967495322,4.017842182491307,2.6212693652465386,1.3965728172447687,54.34265031693908,159.1,210.44160106580244,107.75839893419754,5715.635648048086,1.8045237021926466,0.16265060240963858,0.23717948717948723,0.09659090909090917,0.24168685975080922,37.0,17.0,0.026595744680851064,-0.2727272727272727
2024-09-06,NICL,180,132,159,116,5248,147.0,156.3,155.22,155.9113329424814,155.95379328660388,-0.04246034412247468,2.088523423372736,-2.1309837674952106,45.415539930845775,156.3,210.54794926999548,102.05205073000454,5671.098919662554,0.9253938388915054,-0.39896373056994816,-0.37297297297297294,-0.3555555555555555,0.24848472774126606,-69.0,-64.0,-0.35555555555555557,-0.16981132075471697
2024-09-09,NICL,136,166,118,186,8132,160.4,159.45,155.74,160.54035864363811,158.17943822833692,2.3609204153011945,2.1430028217584276,0.21791759354276685,52.978001356967034,159.45,212.9083015068755,105.99169849312447,5905.470451123264,1.377028310835631,0.603448275862069,0.5630252100840336,0.0219780219780219,0.2713447726042557,67.0,4.0,0.36764705882352944,0.4067796610169492
2024-09-10,NICL,164,197,147,168,7028,165.8,158.3,155.22,161.6879957753861,158.90688724846012,2.7811085269259763,2.2706239627919373,0.510484564134039,51.02051762027589,158.3,209.95307348067496,106.64692651932505,6012.378027206762,1.1689218422722958,-0.09677419354838712,0.1914893617021276,-0.125,0.24626124496378934,27.0,-24.0,0.024390243902439025,0.3401360544217687
2024-09-11,NICL,141,183,113,161,7893,164.8,158.05,155.58,161.58215027148054,159.0619326374631,2.520217634017456,2.320542697037041,0.19967493698041494,50.24303854932567,158.05,209.5998787583444,106.50012124165562,6191.484881758499,1.274815355401181,-0.04166666666666663,-0.030120481927710885,-0.05294117647058827,0.24414625571793022,-5.0,-9.0,0.14184397163120568,0.6194690265486725
2024-09-12,NICL,172,206,119,187,9722,163.6,161.0,156.44,165.49258869125276,161.13141910876212,4.361169582490646,2.7286680741277625,1.6325015083628838,53.10168891451796,161.0,212.08424414631202,109.915755853688,6527.724416829117,1.489339834098346,0.16149068322981375,-0.031088082901554404,0.19871794871794868,0.23819411930112863,-6.0,31.0,0.0872093023255814,0.7310924369747899
2024-09-13,NICL,153,195,134,196,9014,179.6,164.95,158.14,170.1860365849062,163.7142769525575,6.471759632348693,3.477286385771949,2.994473246576744,54.08505472750984,164.95,213.99069738492733,115.90930261507265,6764.512567607297,1.3325424278409432,0.048128342245989275,0.6896551724137931,0.05945945945945952,0.2361662249946851,80.0,11.0,0.28104575163398693,0.4552238805970149
2024-09-16,NICL,147,178,141,150,6082,172.4,165.65,158.5,167.0804924949206,162.69840458570138,4.382087909219223,3.658246690461404,0.7238412187578187,48.48877839149085,165.65,213.40049737960874,117.89950262039127,6699.511370692317,0.9078274016529501,-0.23469387755102045,-0.19354838709677424,0.26050420168067223,0.2430425409248844,-36.0,31.0,0.02040816326530612,0.2624113475177305
2024-09-17,NICL,126,147,152,129,5195,164.6,163.95,157.22,161.22195518800973,160.202226468242,1.019728719767727,3.130543096322669,-2.110814376554942,46.14152503630048,163.95,214.30662816352992,113.59337183647004,6556.224573483524,0.7923767622315805,-0.14,-0.2321428571428571,-0.08510638297872342,0.24267787608616354,-39.0,-12.0,0.023809523809523808,-0.03289473684210526
2024-09-18,NICL,133,126,143,194,4402,171.2,167.35,158.44,166.2647313129313,162.70576524837224,3.5589660645590584,3.216227689969947,0.3427383745891115,53.62467482989458,167.35,216.15686427132994,118.54313572867005,6351.060328389855,0.6931126099247764,0.5038759689922481,0.20496894409937894,0.16867469879518082,0.25868840091093903,33.0,28.0,0.45864661654135336,-0.11888111888111888
2024-09-19,NICL,147,191,91,188,6326,171.4,167.95,158.42,169.60861880324958,164.57941226701135,5.0292065362382345,3.578823459223605,1.4503830770146298,52.89410748287927,167.95,217.45747418319806,118.44252581680192,6348.673630447965,0.9964286035528394,-0.030927835051546393,0.005347593582887722,-0.025906735751295318,0.24608708337312596,1.0,-5.0,0.2789115646258503,1.098901098901099
2024-09-20,NICL,100,153,169,163,5894,164.8,167.1,159.48,168.59190821813425,164.46241876575127,4.129489452382984,3.688956657855481,0.44053279452750305,49.84686590915323,167.1,216.3337282764572,117.86627172354278,6305.371379929111,0.9347585804004243,-0.13297872340425532,-0.16836734693877553,0.4051724137931034,0.24881005528634037,-33.0,47.0,0.63,-0.09467455621301775
2024-09-23,NICL,120,190,149,143,10354,163.4,165.15,158.82,164.6546915691905,162.8726099682882,1.782081600902302,3.307581646464845,-1.5255000455625431,47.489785130240534,165.15,214.95471865195125,115.34528134804876,6690.955058031101,1.547462194888333,-0.12269938650306744,-0.046666666666666634,-0.23118279569892475,0.25094222809656347,-7.0,-43.0,0.19166666666666668,0.2751677852348993
2024-09-24,NICL,121,198,122,153,2592,168.2,163.2,157.98,162.86166209700735,162.14130552619278,0.7203565708145732,2.790136631334791,-2.069780060520218,48.79359886171387,163.2,211.6833992207644,114.71660077923559,6300.578385837663,0.4113908027596729,0.06993006993007,0.18604651162790709,-0.0892857142857143,0.25108535256334213,24.0,-15.0,0.2644628099173554,0.6229508196721312
2024-09-25,NICL,172,182,184,106,8997,150.6,160.0,156.4,154.11371408208316,157.98269030203036,-3.8689762199472,1.4583140610783931,-5.3272902810255935,43.346020027354676,160.0,214.3580720776594,105.64192792234061,6557.380444329314,1.3720417896113406,-0.30718954248366015,-0.45360824742268047,-0.3416149068322981,0.25994566937456237,-88.0,-55.0,-0.38372093023255816,-0.010869565217391304
2024-09-26,NICL,124,207,155,135,3947,140.0,158.95,155.78,151.1731426848396,156.28026879817625,-5.107126113336648,0.14522602619538505,-5.252352139532032,47.258716762883246,158.95,214.37733982431422,103.52266017568576,6308.772782964616,0.6256367340820962,0.2735849056603774,-0.28191489361702127,-0.27807486631016043,0.26558415097551624,-53.0,-52.0,0.08870967741935484,0.33548387096774196
2024-09-27,NICL,190,176,103,160,8693,139.4,157.7,155.9,152.53112073332582,156.55580444275577,-4.024683709429951,-0.6887559209296821,-3.3359277885002685,50.436569827536445,157.7,211.83353858745988,103.56646141254011,6535.84204172989,1.3300505037449097,0.18518518518518512,-0.018404907975460127,-0.18367346938775508,0.26556154752138256,-3.0,-36.0,-0.15789473684210525,0.7087378640776699
2024-09-30,NICL,148,154,90,129,1184,136.6,158.2,156.3,148.91094831281416,154.51463374329236,-5.603685430478208,-1.6717418228393872,-3.931943607638821,46.68056939389637,158.2,211.06435472035963,105.33564527964036,6026.142799660377,0.19647725574420974,-0.19374999999999998,-0.09790209790209792,-0.14,0.25552763247762844,-14.0,-21.0,-0.12837837837837837,0.7111111111111111
2024-10-01,NICL,151,126,188,113,2848,128.6,156.8,155.62,143.38618703391967,151.43947568823367,-8.053288654314002,-2.9480511891343104,-5.105237465179692,44.82513882906156,156.8,212.80214281614596,100.79785718385406,5723.462533026056,0.4976008812089195,-0.12403100775193798,-0.261437908496732,-0.12403100775193798,0.2552346173890473,-40.0,-16.0,-0.25165562913907286,-0.32978723404255317
2024-10-02,NICL,137,209,170,123,9131,132.0,154.65,155.42,140.2498505671628,149.33284785947563,-9.082997292312825,-4.175040409770014,-4.907956882542812,46.262773410559184,154.65,212.35017330996504,96.94982669003495,6047.989910833098,1.509757809556634,0.08849557522123885,0.1603773584905661,-0.365979381443299,0.2530824470000878,17.0,-71.0,-0.10218978102189781,0.22941176470588234
2024-10-03,NICL,187,198,116,131,8058,131.2,151.55,154.46,138.82679663375313,147.9748591291441,-9.148062495390974,-5.169644826894206,-3.9784176684967676,47.44259369057052,151.55,207.30473074098734,95.79526925901267,6239.419443134708,1.2914663092359167,0.06504065040650397,-0.029629629629629672,-0.30319148936170215,0.2509904934199978,-4.0,-57.0,-0.2994652406417112,0.7068965517241379
2024-10-04,NICL,189,197,176,165,9127,132.2,154.0,154.28,142.85344330548344,149.23598067513345,-6.382537369650009,-5.412223335445367,-0.9703140342046428,52.24172721963084,154.0,207.55371135598355,100.44628864401645,6514.427115217117,1.4010441499422333,0.2595419847328244,0.03125,0.012269938650306678,0.23751783736649118,5.0,2.0,-0.12698412698412698,0.11931818181818182
2024-10-07,NICL,111,196,97,118,3759,130.0,150.6,152.92,139.02983664310136,146.92220432882726,-7.892367685725901,-5.908252205501474,-1.9841154802244274,45.990051671881304,150.6,204.22984243870195,96.97015756129804,6252.005485196439,0.6012470732632269,-0.2848484848484848,-0.0852713178294574,-0.1748251748251748,0.20818765492881552,-11.0,-25.0,0.06306306306306306,1.0206185567010309
2024-10-08,NICL,125,134,184,131,1689,133.6,148.75,151.82,137.7944771595473,145.74278178595117,-7.9483046264038535,-6.31626268968195,-1.6320419367219037,47.84901820044825,148.75,202.40398400864558,95.09601599135442,5817.43353422535,0.2903342152623163,0.11016949152542366,0.15929203539823011,-0.14379084967320266,0.20840927639904688,18.0,-22.0,0.048,-0.2717391304347826
2024-10-09,NICL,124,197,177,199,9042,148.8,150.65,152.8,147.21071144269388,149.68776091291775,-2.477049470223875,-5.548420045790335,3.07137057556646,56.31831634389427,150.65,208.43676319019778,92.86323680980223,6124.535102394364,1.4763569558879766,0.5190839694656488,0.6178861788617886,0.8773584905660377,0.237163481933279,76.0,93.0,0.6048387096774194,0.11299435028248588
2024-10-10,NICL,110,169,101,148,4750,152.2,148.7,153.62,147.3321404515102,149.56274158603495,-2.2306011345247327,-4.884856263537215,2.6542551290124825,49.78771631761345,148.7,204.02847368218278,93.37152631781719,5993.626997404424,0.7925084430607736,-0.2562814070351759,0.12977099236641232,0.09629629629629632,0.24380344356462713,17.0,13.0,0.34545454545454546,0.6732673267326733
2024-10-11,NICL,108,113,163,180,10396,155.2,147.9,153.24,152.35796499743174,151.81735332040273,0.5406116770290055,-3.7997626754239713,4.340374352452977,53.43623050268225,147.9,200.88263866588747,94.91736133411254,6412.90061669924,1.6211072993909714,0.21621621621621623,0.09090909090909083,0.125,0.2478766055829884,15.0,20.0,0.6666666666666666,-0.3067484662576687
2024-10-14,NICL,141,165,142,155,10931,162.6,148.15,154.08,152.76443192090377,152.05310492629883,0.7113269946049456,-2.897544741418188,3.6088717360231337,50.35767859486292,148.15,201.217033080812,95.08296691918801,6843.195796061218,1.597353097260731,-0.13888888888888884,0.31355932203389836,0.20155038759689914,0.24351814942938477,37.0,26.0,0.09929078014184398,0.1619718309859155
2024-10-15,NICL,146,133,137,139,5428,164.2,148.65,154.62,150.6468270099955,151.08620826509153,-0.43938125509603765,-2.4059120441537583,1.9665307890577206,48.43445516054809,148.65,201.1715193991948,96.1284806008052,6708.415244055388,0.8091329773913416,-0.10322580645161294,0.06106870229007644,0.23008849557522115,0.24231895261776723,8.0,26.0,-0.04794520547945205,-0.029197080291970802
2024-10-16,NICL,186,203,141,119,7725,148.2,144.9,153.84,145.7780843930731,148.70945209730698,-2.931367704233878,-2.5110031761697824,-0.42036452806409574,46.06613447640247,144.9,194.56648769542687,95.23351230457314,6805.232839859636,1.1351558692823998,-0.14388489208633093,-0.40201005025125625,-0.03252032520325199,0.21765609701663438,-80.0,-4.0,-0.3602150537634409,0.4397163120567376
2024-10-17,NICL,130,144,106,140,8310,146.6,142.5,154.14,144.8891483326003,148.06430749750646,-3.175159164906148,-2.6438343739170556,-0.5313247909890926,48.89198438123509,142.5,188.0741154604232,96.9258845395768,6948.543997968242,1.195933997457575,0.17647058823529416,-0.05405405405405406,0.06870229007633588,0.22114667867717505,-8.0,9.0,0.07692307692307693,0.3584905660377358
2024-10-18,NICL,156,136,181,157,3148,142.0,142.2,153.84,146.75235628143102,148.7262106458393,-1.9738543644082824,-2.509838372015301,0.5359840076070186,51.124492920887214,142.2,187.30698393818838,97.0930160618116,6586.587426733172,0.4779409724712864,0.12142857142857144,-0.12777777777777777,-0.048484848484848464,0.2199365195261032,-23.0,-8.0,0.00641025641025641,-0.24861878453038674
2024-10-21,NICL,176,168,125,178,1951,146.6,143.95,154.94,151.5596860842878,150.89463948688825,0.6650465973995381,-1.8748613781323333,2.5399079755318716,53.808719476958935,143.95,191.68457866159486,96.21542133840512,6145.102909901441,0.31748858051773315,0.13375796178343946,0.1483870967741936,0.5084745762711864,0.21861926089623496,23.0,60.0,0.011363636363636364,0.344
2024-10-22,NICL,197,185,93,187,3273,156.2,145.65,154.86,157.01204207132045,153.56911063600765,3.4429314353128007,-0.8113028154433065,4.254234250756107,54.95061060689618,145.65,196.84873045301018,94.45126954698983,5871.569299434637,0.5574318947943186,0.050561797752809,0.3453237410071943,0.4274809160305344,0.2184915094122069,48.0,56.0,-0.050761421319796954,0.989247311827957
2024-10-23,NICL,184,180,105,201,9632,172.6,150.4,155.56,163.77942021419423,157.08250984815524,6.696910366038992,0.6903398208531533,6.006570545185839,56.742044935539425,150.4,203.59172868031268,97.20827131968733,6229.705556631338,1.546140489697305,0.07486631016042788,0.6890756302521008,0.01005025125628145,0.2034230444446835,82.0,2.0,0.09239130434782608,0.7142857142857143
2024-10-24,NICL,137,129,103,150,9208,174.6,151.15,156.0,161.6595094120105,156.55787948903264,5.10162992297785,1.5725978412780925,3.529032081699757,49.08459724184095,151.15,203.8729551523812,98.42704484761882,6513.3526464759725,1.4137112635812767,-0.25373134328358204,0.0714285714285714,0.013513513513513598,0.2072568152432957,10.0,2.0,0.0948905109489051,0.2524271844660194
2024-10-25,NICL,142,174,91,117,6504,166.6,149.0,156.0,154.78881565631656,153.62766619354875,1.1611494627678098,1.4903081655760362,-0.32915870280822634,44.86549574061663,149.0,203.57838399952857,94.42161600047143,6512.461918240166,0.9987006575475758,-0.21999999999999997,-0.2547770700636943,-0.35,0.2105628427228728,-40.0,-63.0,-0.176056338028169,0.9120879120879121
2024-10-28,NICL,131,187,166,202,7768,171.4,152.65,157.32,162.05207478611402,157.21080203106365,4.841272755050369,2.1605010834709026,2.6807716715794663,55.4803917738431,152.65,211.02216802552397,94.27783197447606,6632.036973645864,1.1712841817481088,0.7264957264957266,0.1348314606741574,0.3032258064516129,0.2596947895365881,24.0,47.0,0.5419847328244275,0.12650602409638553
2024-10-29,NICL,172,110,112,201,10812,174.2,157.05,158.08,168.04406328055802,160.45444632505894,7.589616955499082,3.2463242578765383,4.343292697622544,55.34538999821674,157.05,216.0668619972293,98.03313800277071,7030.128690441496,1.537951931762006,-0.004950495049504955,0.07486631016042788,0.4460431654676258,0.2568231818650907,14.0,62.0,0.1686046511627907,-0.017857142857142856
2024-10-30,NICL,164,116,181,150,1331,164.0,158.4,158.56,165.26805354508755,159.6800428935731,5.588010651514452,3.714661536604121,1.8733491149103307,48.82071403705098,158.4,215.44173910392294,101.35826089607708,6487.354529447067,0.20516837702616578,-0.25373134328358204,-0.25373134328358204,0.26050420168067223,0.2658437211274855,-51.0,31.0,-0.08536585365853659,-0.35911602209944754
2024-10-31,NICL,171,201,92,163,7096,166.6,160.0,158.3,164.9191222304587,159.92596564219733,4.993156588261371,3.9703605469355714,1.0227960413257997,50.425058306954966,160.0,215.6560868189636,104.34391318103641,6545.320764737822,1.0841332694081092,0.08666666666666667,0.08666666666666667,0.16428571428571437,0.2659961353333822,13.0,23.0,-0.04678362573099415,1.184782608695652
2024-11-01,NICL,165,175,110,182,7576,179.6,160.85,158.34,167.54694957961888,161.56107929833087,5.985870281288015,4.373462493806061,1.6124077874819545,52.75606919351948,160.85,217.29918068493123,104.40081931506876,6643.480691905648,1.1403660748544846,0.1165644171779141,0.5555555555555556,0.15923566878980888,0.2616939701626298,65.0,25.0,0.10303030303030303,0.5909090909090909
2024-11-04,NICL,169,157,105,139,7646,167.0,161.9,157.48,163.15511118275444,159.88988823919524,3.265222943559195,4.151814583756688,-0.8865916401974934,47.331873799154444,161.9,215.84775250184214,107.95224749815787,6738.958721247967,1.1345966515408572,-0.2362637362637363,-0.31188118811881194,-0.2191011235955056,0.25879135371989914,-63.0,-39.0,-0.17751479289940827,0.49523809523809526
2024-11-05,NICL,159,208,166,127,5780,152.2,161.7,156.18,157.5927863854076,157.4536002214771,0.13918616393050343,3.349288899791451,-3.2101027358609477,45.91315124873137,161.7,216.13197589652623,107.26802410347375,6647.629319224352,0.869482897201376,-0.08633093525179858,-0.3681592039800995,-0.320855614973262,0.25955888355558904,-74.0,-60.0,-0.20125786163522014,0.25301204819277107
2024-11-06,NICL,163,159,185,127,3345,147.6,158.1,155.32,152.88620386457566,155.19777798284917,-2.311574118273512,2.217116296178459,-4.528690414451971,45.913151248731374,158.1,211.70559672273043,104.49440327726957,6333.093193583937,0.5281779215547977,0.0,-0.15333333333333332,-0.3681592039800995,0.2321940693649569,-23.0,-74.0,-0.22085889570552147,-0.14054054054054055
2024-11-07,NICL,131,192,146,111,6922,137.2,156.25,154.42,146.44217250079478,151.92386850263813,-5.481696001843346,0.6773538365740979,-6.159049838417444,43.87933409712635,156.25,213.54877834648835,98.95122165351165,6389.1795560997525,1.0833941884434228,-0.12598425196850394,-0.3190184049079755,-0.26,0.22637135919133283,-52.0,-39.0,-0.15267175572519084,0.3150684931506849
2024-11-08,NICL,103,168,132,143,1265,129.4,154.4,153.58,145.9126075006725,151.26284120614642,-5.350233705473926,-0.5281636718355068,-4.822070033638419,48.76738794522915,154.4,210.89566355040006,97.90433644959997,5901.162455518824,0.21436454419534914,0.28828828828828823,-0.2142857142857143,0.22222222222222232,0.2304179697751901,-39.0,26.0,0.3883495145631068,0.2727272727272727
2024-11-11,NICL,176,174,114,113,1858,124.2,152.3,153.46,140.84912942364596,148.42855667235781,-7.579427248711852,-1.9384163872107758,-5.641010861501076,44.82558347986572,152.3,211.60295102269362,92.99704897730642,5516.099364517031,0.3368322209624807,-0.2097902097902098,-0.18705035971223016,-0.44059405940594054,0.23336241879682165,-26.0,-89.0,-0.35795454545454547,0.5263157894736842
2024-11-12,NICL,120,115,138,173,4245,133.4,154.0,154.1,145.7954172046235,150.24866358551648,-4.453246380892978,-2.4413823859472163,-2.0118639949457613,53.006758189007336,154.0,213.62885207682604,94.37114792317398,5395.042282182076,0.7868334997150513,0.5309734513274336,0.36220472440944884,-0.1393034825870647,0.259266929903523,46.0,-28.0,0.44166666666666665,-0.16666666666666666
2024-11-13,NICL,141,121,161,120,1000,132.0,154.05,153.18,141.82689148083526,148.00802183844118,-6.181130357605923,-3.1893319802789577,-2.9917983773269654,46.45418255052253,154.05,213.56293976943167,94.53706023056836,4976.466826736164,0.20094577836377422,-0.3063583815028902,-0.055118110236220486,-0.19999999999999996,0.26769321636365634,-7.0,-30.0,-0.14893617021276595,-0.2484472049689441
2024-11-14,NICL,126,122,135,180,4173,145.8,156.05,152.92,147.6996774068606,150.37779799855667,-2.6781205916960857,-3.087089702562383,0.4089691108662974,53.46713164775134,156.05,216.22466244192822,95.87533755807182,4899.946176570816,0.8516420078149588,0.5,0.6216216216216217,0.10429447852760743,0.2861226544974898,69.0,17.0,0.42857142857142855,-0.0962962962962963
2024-11-15,NICL,111,172,180,127,4378,142.6,154.55,153.14,144.51511165195896,148.64610925792286,-4.130997605963898,-3.295871283242686,-0.8351263227212122,47.543651103061286,154.55,216.03650258390047,93.06349741609955,4850.237016897405,0.9026363010194737,-0.2944444444444444,-0.11188811188811187,-0.30219780219780223,0.29536248991624653,-16.0,-55.0,0.14414414414414414,-0.044444444444444446
2024-11-18,NICL,165,198,135,140,9312,148.0,152.65,152.22,143.8204790901191,148.00565672029896,-4.185177630179851,-3.473732552630119,-0.7114450775497319,49.03511683454298,152.65,213.46537634513163,91.83462365486838,5275.166824811938,1.7652522297874396,0.10236220472440949,0.23893805309734506,0.007194244604316502,0.29484165458197525,27.0,1.0,-0.15151515151515152,0.4666666666666667
2024-11-19,NICL,193,147,105,150,4931,143.4,150.8,151.86,144.77117461471616,148.15338585212868,-3.3822112374125197,-3.4554282895865995,0.07321705217407981,50.20789807662079,150.8,209.53874360249796,92.06125639750208,5242.389031972705,0.9406016932216246,0.0714285714285714,-0.1329479768786127,0.1811023622047243,0.2949765160866888,-23.0,23.0,-0.22279792746113988,0.4
2024-11-20,NICL,187,146,147,176,9151,154.6,149.55,152.16,149.57560928937522,150.21609801123026,-0.6404887218550357,-2.8924403760402866,2.251951654185251,53.221919966030775,149.55,204.9304116994447,94.16958830055532,5614.637695594352,1.6298469280004533,0.17333333333333334,0.46666666666666656,0.3858267716535433,0.2966642104141083,56.0,49.0,-0.058823529411764705,-0.006802721088435374
2024-11-21,NICL,112,197,108,179,1893,154.4,151.0,152.0,154.10243862947135,152.34823889928728,1.7541997301840695,-1.9631123547954155,3.717312084979485,53.57114590781613,151.0,207.85068161420753,94.14931838579248,5260.196010299653,0.35987252115575885,0.017045454545454586,-0.005555555555555536,0.6126126126126126,0.2891056233634697,-1.0,68.0,0.5982142857142857,0.8240740740740741
2024-11-22,NICL,193,154,149,200,5435,169.0,155.15,152.08,161.163601917245,155.87799898082156,5.28560293642343,-0.5133692965516463,5.798972232975077,56.044897707096865,155.15,213.56326904051855,96.73673095948148,5276.844009318734,1.029971700964055,0.11731843575418988,0.5748031496062993,0.39860139860139854,0.28267593203425345,73.0,57.0,0.03626943005181347,0.03355704697986577
2024-11-25,NICL,104,163,101,167,1661,174.4,153.4,152.42,162.0615093145919,156.70185090816813,5.359658406423762,0.6612362440434353,4.698422162380327,51.40946215894327,153.4,208.0713819104657,98.72861808953431,4932.47791319314,0.33674757986391424,-0.16500000000000004,0.19285714285714284,0.47787610619469034,0.2390775580483995,27.0,54.0,0.6057692307692307,0.6138613861386139
2024-11-26,NICL,163,116,124,121,8941,168.6,149.4,152.26,155.7443540354239,154.05726935941493,1.6870846760089648,0.8664059304365412,0.8206787455724236,45.73143028909432,149.4,201.1857123152708,97.61428768472922,5314.24192146046,1.6824601010152798,-0.27544910179640714,-0.19333333333333336,-0.3005780346820809,0.2478198797573263,-29.0,-52.0,-0.25766871165644173,-0.06451612903225806
2024-11-27,NICL,120,187,112,152,4503,163.8,149.5,151.42,155.1682995684356,153.90487903649532,1.2634205319402838,0.9458088507372897,0.3176116812029941,49.75864388482702,149.5,201.29768334587936,97.70231665412064,5236.980786083273,0.8598465764789991,0.25619834710743805,-0.13636363636363635,0.2666666666666666,0.24629401064314327,-24.0,32.0,0.26666666666666666,0.6696428571428571
2024-11-28,NICL,199,148,169,201,8842,168.2,151.4,151.68,162.2193304040609,157.39340651527343,4.825923888787486,1.721831858347329,3.1040920304401567,55.393392587989396,151.4,207.636642858549,95.16335714145099,5580.315949313437,1.5844980965796134,0.32236842105263164,0.12290502793296088,0.1166666666666667,0.2547417808027184,22.0,21.0,0.010050251256281407,-0.1242603550295858
2024-11-29,NICL,176,135,159,182,6525,164.6,151.4,152.06,165.2625103418977,159.21611714377167,6.046393198126026,2.586744126303069,3.459649071822957,52.91519568594091,151.4,207.636642858549,95.16335714145099,5670.285858902634,1.1507356352687972,-0.09452736318407962,-0.08999999999999997,0.4330708661417322,0.25576538242800545,-18.0,55.0,0.03409090909090909,-0.1509433962264151
2024-12-02,NICL,195,114,114,167,1575,164.6,152.8,152.54,165.52981644314423,159.79270105904786,5.73711538409637,3.2168183778617294,2.5202970062346406,50.976239561366356,152.8,209.12619284134155,96.47380715865847,5280.25863424524,0.2982808436286247,-0.08241758241758246,0.0,0.19285714285714284,0.24959849580877816,0.0,27.0,-0.14358974358974358,0.0
2024-12-03,NICL,140,195,102,142,7972,168.8,153.55,152.32,161.9098446826605,158.47472320282208,3.435121479838415,3.2604789982570668,0.1746424815813481,47.83047848980174,153.55,208.87259936047835,98.22740063952168,5536.614954793312,1.4398689569514418,-0.14970059880239517,0.17355371900826455,-0.053333333333333344,0.2516397105548653,21.0,-8.0,0.014285714285714285,0.9117647058823529
2024-12-04,NICL,183,203,105,126,8591,163.6,153.5,152.72,156.38525319302042,156.0691881507612,0.3160650422592255,2.671596207057499,-2.3555311647982733,45.87911735806292,153.5,208.9202129191146,98.07978708088541,5827.508768622521,1.4742148559702126,-0.11267605633802813,-0.17105263157894735,-0.28409090909090906,0.2536888199751662,-26.0,-50.0,-0.3114754098360656,0.9333333333333333
2024-12-05,NICL,162,118,100,111,2476,145.6,153.5,152.24,149.40290654794035,152.73072976922333,-3.3278232212829835,1.4717123213894023,-4.799535542672386,44.06412807357663,153.5,208.9202129191146,98.07978708088541,5508.317457325138,0.44950205197547854,-0.11904761904761907,-0.4477611940298507,-0.3798882681564246,0.25347165497561,-90.0,-68.0,-0.3148148148148148,0.18
2024-12-06,NICL,176,207,167,185,2636,146.2,155.6,152.74,154.87938246364183,155.12104608261419,-0.24166361897235333,1.1290371333170512,-1.3707007522894046,53.77874885628375,155.6,212.43449656678592,98.76550343321406,5234.7634137703635,0.503556663719671,0.6666666666666667,0.016483516483516425,-0.07499999999999996,0.28592615318302417,3.0,-15.0,0.05113636363636364,0.23952095808383234
2024-12-09,NICL,140,199,101,180,10317,148.8,158.95,153.76,158.74409285385076,156.9639315579761,1.7801612958746489,1.2592619658285709,0.520899330046078,53.10760575469541,158.95,213.18458306283924,104.71541693716075,5718.785945792233,1.804054234201761,-0.027027027027026973,0.07784431137724557,0.07784431137724557,0.28013519422621547,13.0,13.0,0.2857142857142857,0.9702970297029703
2024-12-10,NICL,170,186,116,136,8185,147.6,157.1,154.22,155.24500164556605,155.41104773886678,-0.16604609330073572,0.9742003540027095,-1.1402464473034453,47.490893998297395,157.1,211.81343527873207,102.38656472126792,5953.663474764401,1.3747837839161539,-0.24444444444444446,-0.04225352112676062,0.12396694214876036,0.26422666054234406,-6.0,15.0,-0.2,0.603448275862069
2024-12-11,NICL,182,194,124,194,7728,161.2,160.8,155.64,161.20730908470972,158.26948864709888,2.9378204376108386,1.3669243707243353,1.5708960668865033,54.34531486205738,160.8,214.98339228952,106.61660771048004,6122.64790573922,1.2621989895509038,0.42647058823529416,0.5396825396825398,0.2763157894736843,0.2677004526468293,68.0,42.0,0.06593406593406594,0.5645161290322581
2024-12-12,NICL,161,119,136,143,10545,167.6,158.95,155.88,158.40618461013898,157.13841541398043,1.2677691961585538,1.347093335811179,-0.07932413965262519,48.366591104367785,158.95,212.91100443839056,104.98899556160941,6543.824295668817,1.6114430222369287,-0.2628865979381443,0.28828828828828823,-0.2885572139303483,0.2549152248756876,32.0,-58.0,-0.11180124223602485,-0.125
2024-12-13,NICL,184,162,186,172,10280,165.0,161.2,156.02,160.49754082396373,158.23927353146334,2.258267292500392,1.5293281271490216,0.7289391653513704,51.62552216646257,161.2,213.36742278472275,109.03257721527721,6899.650553224168,1.4899305291912521,0.2027972027972027,-0.07027027027027022,-0.05494505494505497,0.24714492041518238,-13.0,-10.0,-0.06521739130434782,-0.12903225806451613
2024-12-16,NICL,137,185,152,160,3093,161.0,162.2,156.86,160.42099608181547,158.3696977143179,2.0512983674975658,1.6337221752187305,0.41757619227883525,50.21321129111983,162.2,213.46246189952268,110.9375381004773,6537.112405298057,0.47314468655812814,-0.06976744186046513,-0.11111111111111116,-0.041916167664670656,0.24789670116517237,-20.0,-7.0,0.1678832116788321,0.21710526315789475
2024-12-17,NICL,156,206,115,163,4924,166.4,162.85,157.5,160.81776591538232,158.71268306881288,2.105082846569445,1.7279943094888734,0.37708853708057166,50.57722493761112,162.85,213.80596137842966,111.89403862157033,6383.482652412527,0.7713657682047681,0.018750000000000044,0.19852941176470584,0.147887323943662,0.2477415026629454,27.0,21.0,0.04487179487179487,0.7913043478260869
2024-12-18,NICL,143,166,176,120,4004,151.6,160.05,155.92,154.5381096207081,155.8450769155675,-1.3069672948593904,1.1210019886192208,-2.4279692834786113,45.44801628191533,160.05,213.88112482569923,106.21887517430079,6156.865256944668,0.6503309448722575,-0.2638036809815951,-0.38144329896907214,-0.04761904761904767,0.2536341838522204,-74.0,-6.0,-0.16083916083916083,-0.056818181818181816
2024-12-19,NICL,149,186,150,178,5349,158.6,160.0,156.52,158.14763121752225,157.48618232922917,0.66144888829308,1.0290913685539926,-0.3676424802609126,52.452375563214034,160.0,213.76244042079944,106.23755957920056,6079.925708664223,0.879780486853217,0.4833333333333334,0.2447552447552448,0.6036036036036037,0.2750333920529883,35.0,67.0,0.19463087248322147,0.24
2024-12-20,NICL,164,183,136,148,8597,153.8,157.4,155.88,156.58645718405728,156.7835021566937,-0.1970449726364052,0.783864100315913,-0.9809090729523182,48.9513108559237,157.4,208.11646675390554,106.68353324609447,6319.647069743821,1.3603607772907635,-0.1685393258426966,-0.13953488372093026,-0.19999999999999996,0.27774542019380444,-24.0,-37.0,-0.0975609756097561,0.34558823529411764
2024-12-23,NICL,191,150,117,129,2928,147.6,155.5,155.36,152.34238684804845,154.72546495990156,-2.3830781118531092,0.15047565788210854,-2.5335537697352177,46.81982811697765,155.5,207.4672974090437,103.53270259095629,5996.633063101553,0.48827399795671217,-0.1283783783783784,-0.19374999999999998,-0.2833333333333333,0.27660031145244,-31.0,-51.0,-0.32460732984293195,0.28205128205128205
2024-12-24,NICL,130,165,171,134,9904,141.8,156.15,155.26,149.52048117911792,153.1902453332422,-3.669764154124266,-0.6135723045191664,-3.0561918496050997,47.4680771511266,156.15,206.6802879469334,105.61971205306662,6368.763247568071,1.5550899939296485,0.03875968992248069,-0.17791411042944782,-0.014705882352941124,0.26778488060228645,-29.0,-2.0,0.03076923076923077,-0.03508771929824561
2024-12-25,NICL,131,127,172,129,8939,143.6,155.0,155.46,146.36348407463825,151.39837530855758,-5.034891233919325,-1.4978360903991983,-3.5370551435201265,46.85302147872453,155.0,206.88448708429138,103.11551291570862,6613.547700180636,1.351619494595291,-0.03731343283582089,0.07499999999999996,-0.3350515463917526,0.2630017130510359,9.0,-65.0,-0.015267175572519083,-0.2616279069767442
2024-12-26,NICL,198,153,179,200,8893,148.0,154.95,156.66,154.61525575546312,154.99849565607184,-0.3832399006087144,-1.2749168524411014,0.891676951832387,55.642327174361874,154.95,206.65870332932357,103.2412966706764,6830.638395401527,1.3019280900577141,0.5503875968992249,0.12359550561797761,0.39860139860139854,0.28112035011826686,22.0,57.0,0.010101010101010102,-0.1452513966480447
2024-12-27,NICL,141,180,148,106,2532,139.6,151.15,155.64,147.13598563923804,151.36897745932578,-4.232991820087733,-1.8665318459704276,-2.3664599741173054,45.02561918198239,151.15,205.45386726560082,96.84613273439919,6421.244262506144,0.39431610081934293,-0.47,-0.28378378378378377,-0.38372093023255816,0.3017482756896414,-42.0,-66.0,-0.24822695035460993,0.21621621621621623
2024-12-30,NICL,186,149,129,158,8286,145.4,150.7,155.24,148.80737246397067,151.8601643141905,-3.0527918502198474,-2.1037838468203116,-0.9490080033995358,50.636728091765264,150.7,204.61882788043516,96.78117211956483,6598.840047029368,1.2556752309415575,0.49056603773584895,0.22480620155038755,-0.012499999999999956,0.31896576796071874,29.0,-2.0,-0.15053763440860216,0.15503875968992248
2024-12-31,NICL,139,136,157,117,4590,142.0,149.45,153.84,143.91393054643672,149.27792992054677,-5.363999374110051,-2.7558269522782597,-2.6081724218317914,46.5982035848268,149.45,205.2441753232359,93.65582467676407,6407.521947312285,0.7163455759875053,-0.259493670886076,-0.12686567164179108,-0.28220858895705525,0.3233392050756317,-17.0,-46.0,-0.15827338129496402,-0.1337579617834395
2025-01-01,NICL,167,177,162,129,3220,142.0,149.6,152.4,141.61947969313877,147.77586103754328,-6.156381344404508,-3.4359378307035096,-2.7204435137009986,47.90772464426528,149.6,205.15681776343916,94.04318223656082,6103.948428520639,0.527527392753612,0.10256410256410264,0.0,0.07499999999999996,0.32171807857915197,0.0,9.0,-0.2275449101796407,0.09259259259259259
2025-01-02,NICL,185,171,107,128,9432,127.6,150.45,151.96,139.52417512496356,146.3109824421697,-6.786807317206126,-4.106111728004033,-2.6806955892020925,47.802525816056985,150.45,204.10622051542572,96.79377948457427,6420.9057210424835,1.4689516416803332,-0.007751937984496138,-0.36,-0.2808988764044944,0.31966021144570367,-72.0,-50.0,-0.3081081081081081,0.5981308411214953
2025-01-03,NICL,178,140,105,144,5685,135.2,148.4,152.5,140.21276356727685,146.13979855756452,-5.927034990287666,-4.47029638046076,-1.456738609826906,49.705489960020124,148.4,199.70068225667166,97.09931774332834,6350.81946189558,0.8951600709340826,0.125,0.35849056603773577,-0.027027027027026973,0.2860219244615154,38.0,-4.0,-0.19101123595505617,0.3333333333333333
2025-01-06,NICL,195,125,171,151,9570,133.8,146.95,151.48,141.87233840308042,146.49981347922642,-4.627475076145998,-4.501732119597808,-0.12574295654819068,50.55480334089901,146.95,196.19418747425914,97.70581252574082,6657.408084572192,1.4374963767321727,0.04861111111111116,-0.044303797468354444,0.1705426356589148,0.28579830768333303,-7.0,22.0,-0.22564102564102564,-0.26900584795321636
2025-01-07,NICL,145,113,188,150,3176,140.4,147.65,150.46,143.12274787952958,146.75908655483929,-3.636338675309702,-4.328653430740187,0.6923147554304849,50.42380384250075,147.65,196.64908162404663,98.65091837595337,6325.845409851031,0.5020672802174583,-0.0066225165562914245,0.28205128205128216,0.11940298507462677,0.2786928265121622,33.0,16.0,0.034482758620689655,-0.39893617021276595
2025-01-08,NICL,100,132,136,170,10790,148.6,146.45,150.86,147.25770974421735,148.48063569892525,-1.2229259547079039,-3.70750793553373,2.4845819808258263,53.044452471023035,146.45,191.8965620261861,101.00343797381387,6751.002989865218,1.598281028196585,0.1333333333333333,0.317829457364341,0.317829457364341,0.2646895936800336,41.0,41.0,0.7,-0.029411764705882353
2025-01-09,NICL,174,163,166,195,8190,162.0,149.05,151.5,154.60267747587622,151.9265145360419,2.676162939834313,-2.430773760460122,5.106936700294435,56.16379616127493,149.05,199.12384546846775,98.97615453153227,6888.050324163769,1.1890157032199518,0.1470588235294117,0.5234375,-0.025000000000000022,0.2569012388593306,67.0,-5.0,0.1206896551724138,-0.018072289156626505
2025-01-10,NICL,111,161,114,151,8145,163.4,148.0,150.88,154.04841940266448,151.85788382966845,2.1905355729960263,-1.5065118937688924,3.6970474667649187,49.882851824979134,148.0,196.973462201482,99.026537798518,7007.759817100552,1.1622829852307894,-0.22564102564102562,0.04861111111111116,0.42452830188679247,0.2610100649772384,7.0,45.0,0.36036036036036034,0.41228070175438597
2025-01-13,NICL,115,175,164,108,8073,154.8,145.4,150.26,146.96404718686995,148.60915169413747,-1.6451045072675186,-1.5342304164686178,-0.11087409079890076,44.629992541604615,145.4,196.99999999999983,93.80000000000018,7109.211263090976,1.1355690105754408,-0.2847682119205298,-0.2847682119205298,-0.31645569620253167,0.26941317010054294,-43.0,-50.0,-0.06086956521739131,0.06707317073170732
2025-01-14,NICL,147,204,143,202,7101,165.2,147.35,151.76,155.43111685042842,152.56402934642358,2.867087504004843,-0.6539668323739257,3.5210543363787687,55.62969602050316,147.35,204.1488556222745,90.55114437772548,7108.429238034692,0.9989548692424283,0.8703703703703705,0.3466666666666667,0.7264957264957266,0.3305223192227297,52.0,85.0,0.3741496598639456,0.42657342657342656
2025-01-15,NICL,175,158,130,126,5799,156.4,147.65,151.74,150.90325271959327,150.59632346891073,0.3069292506825434,-0.46178761576263194,0.7687168664451753,47.426261601940716,147.65,203.92885926349243,91.3711407365076,6983.721691555198,0.8303595498389092,-0.37623762376237624,-0.2588235294117647,-0.023255813953488413,0.33715346043223293,-44.0,-3.0,-0.28,0.2153846153846154
2025-01-16,NICL,161,135,119,123,2164,142.0,144.9,151.98,146.6104446088866,148.55215136010253,-1.9417067512159178,-0.7577714428532891,-1.1839353083626287,47.130810051278964,144.9,200.34691154609047,89.45308845390954,6524.700578073751,0.33166272905642896,-0.023809523809523836,-0.36923076923076925,-0.0390625,0.3216623742361638,-72.0,-5.0,-0.2360248447204969,0.13445378151260504
2025-01-17,NICL,110,126,186,109,5514,133.6,142.95,151.3,140.8242223613656,145.6223623704653,-4.798140009099711,-1.5658451561025737,-3.2322948529971374,45.70002215972679,142.95,200.52594984018913,85.37405015981084,6428.443380161965,0.8577504185563931,-0.11382113821138207,-0.2781456953642384,-0.24305555555555558,0.320150630329121,-42.0,-35.0,-0.00909090909090909,-0.3225806451612903
2025-01-20,NICL,143,115,169,147,6175,141.4,143.85,151.98,141.7743419980786,145.7244096022827,-3.9500676042040936,-2.042689645722878,-1.9073779584812156,50.1257712536584,143.85,201.0873130047173,86.6126869952827,6404.305915384635,0.9641950402722348,0.3486238532110091,0.36111111111111116,-0.026490066225165587,0.32555942020808226,39.0,-4.0,0.027972027972027972,-0.31952662721893493
2025-01-21,NICL,138,196,133,154,3330,131.8,144.85,151.6,143.65521245991266,146.33741629840992,-2.6822038384972586,-2.1705924842777544,-0.5116113542195042,50.91936176252174,144.85,202.06284820737366,87.63715179262633,6111.514875824194,0.5448730908228246,0.04761904761904767,-0.2376237623762376,0.026666666666666616,0.3255457807532757,-48.0,4.0,0.11594202898550725,0.47368421052631576
2025-01-22,NICL,153,140,132,160,5543,138.6,146.4,152.4,146.16979515838764,147.34945953556473,-1.1796643771770903,-1.9724068628576217,0.7927424856805314,51.62981567200059,146.4,203.4908048638306,89.30919513616942,6057.370601936176,0.9150835179588049,0.03896103896103886,0.26984126984126977,-0.05882352941176472,0.3248789931299079,34.0,-10.0,0.0457516339869281,0.06060606060606061
2025-01-23,NICL,155,197,128,120,9331,138.0,142.4,151.2,142.14367282632801,145.32357364404143,-3.179900817713417,-2.213905653828781,-0.965995163884636,46.769323792115216,142.4,194.93722489816128,89.86277510183874,6369.144830323207,1.4650318447110098,-0.25,-0.024390243902439046,-0.3846153846153846,0.309818561920829,-3.0,-75.0,-0.22580645161290322,0.5390625
2025-01-24,NICL,192,207,92,193,1072,154.8,146.75,152.52,149.96772316073907,148.85516078151986,1.112562379219213,-1.5486120472191822,2.661174426438395,55.08049391168054,146.75,200.8937900409639,92.6062099590361,5864.654846482902,0.1827899557708652,0.6083333333333334,0.7706422018348624,0.2781456953642385,0.31445153984274155,84.0,42.0,0.005208333333333333,1.25
2025-01-27,NICL,148,209,187,110,6077,147.4,144.35,151.92,143.8188426744715,145.97700072362952,-2.158158049158004,-1.6705212476069466,-0.4876368015510575,46.240317841969876,144.35,200.5043408829627,88.19565911703728,5884.878194436911,1.032646691947627,-0.43005181347150256,-0.2517006802721088,0.0185185185185186,0.3171171113377621,-37.0,2.0,-0.25675675675675674,0.11764705882352941
2025-01-28,NICL,186,164,159,190,3202,154.6,148.0,152.72,150.9236361091682,149.2379636329903,1.6856724761778992,-0.9992825028499774,2.684954979027877,53.91740686149612,148.0,206.02757964968023,89.97242035031977,5629.36598544292,0.5688029537038647,0.7272727272727273,0.23376623376623384,-0.05940594059405946,0.34603231880331325,36.0,-12.0,0.021505376344086023,0.031446540880503145
2025-01-29,NICL,165,119,187,171,8021,156.8,150.1,152.62,154.01230747698847,150.84996632684286,3.1623411501456076,-0.1669577722508604,3.329298922396468,52.01747743650824,150.1,208.26493789216994,91.93506210783006,5857.140653495974,1.3694395396177612,-0.09999999999999998,0.06875000000000009,0.3571428571428572,0.348109031814959,11.0,45.0,0.03636363636363636,-0.36363636363636365
2025-01-30,NICL,110,141,128,116,9318,156.0,149.5,151.36,148.16426017283638,148.2684873396693,-0.10422716683291355,-0.154411651167271,0.05018448433435746,46.86890260833954,149.5,208.8009274800992,90.1990725199008,6186.746305543977,1.50612285356684,-0.32163742690058483,-0.033333333333333326,-0.05691056910569103,0.3584285328106932,-4.0,-7.0,0.05454545454545454,0.1015625
2025-01-31,NICL,140,160,161,115,4365,140.4,148.05,149.66,143.06206630009234,145.80415494413822,-2.7420886440458787,-0.6719470497429926,-2.070141594302886,46.77824512459119,148.05,209.20709280206168,86.89290719793834,6013.2466573969305,0.7258973810147281,-0.008620689655172376,-0.40414507772020725,0.05504587155963292,0.35816550816790516,-78.0,6.0,-0.17857142857142858,-0.006211180124223602
2025-02-03,NICL,195,169,133,128,5919,144.0,146.9,148.88,140.74482533084736,144.48532865197984,-3.740503321132479,-1.28565830402089,-2.454845017111589,48.18148486463929,146.9,208.65402820869244,85.14597179130757,6004.270785263889,0.9857983111832387,0.11304347826086958,0.16363636363636358,-0.12925170068027214,0.358522922364929,18.0,-19.0,-0.3435897435897436,0.2706766917293233
2025-02-04,NICL,186,207,146,126,8413,131.2,145.7,148.98,138.47639066456316,143.1160450481295,-4.639654383566352,-1.9564575199299825,-2.6831968636363697,47.971928339633514,145.7,208.0958331942124,83.30416680578757,6233.673567619709,1.3496054788143894,-0.015625,-0.33684210526315794,-0.18181818181818177,0.35859635344151375,-64.0,-28.0,-0.3225806451612903,0.4178082191780822
2025-02-05,NICL,154,122,169,166,2510,130.2,145.5,149.26,142.7107921007842,144.81115282234214,-2.1003607215579336,-1.9852381602555729,-0.11512256130236076,52.428327722966294,145.5,207.6079705029876,83.39202949701239,5879.037989751165,0.42694059884893476,0.31746031746031744,-0.0292397660818714,0.03750000000000009,0.3633368331040743,-5.0,6.0,0.07792207792207792,-0.2781065088757396
2025-02-06,NICL,192,183,181,180,8934,143.0,144.75,148.84,148.44759331604817,147.41773409476124,1.0298592212869266,-1.3822186839470731,2.412077905234,53.91613938260289,144.75,204.77624426032315,84.72375573967685,6169.986752632007,1.4479771769670193,0.0843373493975903,0.5517241379310345,0.5,0.3627563488735194,64.0,60.0,-0.0625,0.011049723756906077
2025-02-07,NICL,190,111,104,139,1122,147.8,144.15,147.98,146.99411742127154,146.79419823589004,0.19991918538150344,-1.065791110081358,1.2657102954628614,49.075479231128924,144.15,204.15424984948964,84.14575015051037,5689.2261095241965,0.19721487218124215,-0.22777777777777775,0.20869565217391295,-0.27979274611398963,0.3628421968215005,24.0,-54.0,-0.26842105263157895,0.0673076923076923
2025-02-10,NICL,162,154,100,151,1614,152.4,146.3,147.66,147.61040704876822,147.1057391073056,0.5046679414626283,-0.7516992997725608,1.2563672412351892,50.47692244229358,146.3,204.00649876746968,88.59350123253033,5301.109337188558,0.3044645747404985,0.08633093525179847,0.1796875,0.3727272727272728,0.35419760387745464,23.0,41.0,-0.06790123456790123,0.54
2025-02-11,NICL,120,192,134,149,4146,157.0,143.65,147.8,147.82419057972697,147.24605472898668,0.5781358507402956,-0.4857322696699895,1.0638681204102851,50.228817770133034,143.65,195.44681457387102,91.85318542612899,5191.098924122982,0.798674820226134,-0.013245033112582738,0.18253968253968256,-0.21578947368421053,0.2998887401664618,23.0,-41.0,0.24166666666666667,0.43283582089552236
2025-02-12,NICL,139,185,172,126,1469,149.0,143.65,147.8,144.4666227982305,145.6722728972099,-1.2056500989793903,-0.6297158355318697,-0.5759342634475206,47.346683800038754,143.65,195.44681457387102,91.85318542612899,4836.613312301745,0.3037249217884865,-0.15436241610738255,-0.24096385542168675,-0.26315789473684215,0.2881561997404924,-40.0,-45.0,-0.09352517985611511,0.0755813953488372
2025-02-13,NICL,172,194,164,190,3706,151.0,147.0,149.38,151.47175775234888,148.95580823815732,2.5159495141915613,-0.0005827655871835091,2.516532279778745,55.07198256101673,147.0,201.61135413080308,92.38864586919694,4728.935853987293,0.7836858258238405,0.5079365079365079,0.05555555555555558,0.6379310344827587,0.3063387933311778,10.0,74.0,0.10465116279069768,0.18292682926829268
2025-02-14,NICL,151,205,157,161,1093,155.4,149.6,148.9,152.93764117506444,149.8479705908864,3.0896705841780374,0.6174679043658607,2.4722026798121766,51.39245843008609,149.6,201.6169203240636,97.58307967593637,4382.656248845647,0.24939213525767318,-0.15263157894736845,0.15827338129496393,0.3999999999999999,0.30763294431264987,22.0,46.0,0.06622516556291391,0.3057324840764331
2025-02-17,NICL,142,190,177,189,6999,163.0,151.7,149.08,158.48569637890068,152.74812091748743,5.7375754614132575,1.6414894157753401,4.096086045637917,54.54993522600039,151.7,206.44705471529937,96.95294528470059,4631.831844193681,1.511065218996179,0.17391304347826098,0.2516556291390728,0.4765625,0.3014328106115506,38.0,61.0,0.33098591549295775,0.07344632768361582
2025-02-18,NICL,180,111,102,138,3879,160.8,150.9,149.12,155.33405078214673,151.65566751619207,3.6783832659546647,2.0488681858112052,1.6295150801434595,48.38480399298059,150.9,205.9559715198995,95.8440284801005,4560.133573318092,0.8506329776602402,-0.2698412698412699,-0.0738255033557047,0.09523809523809534,0.3098912388653936,-11.0,12.0,-0.23333333333333334,0.08823529411764706
2025-02-19,NICL,122,116,122,128,10258,161.2,149.3,147.8,151.128812200278,149.903395848326,1.225416351951992,1.8841778190393628,-0.6587614670873707,47.25701239312382,149.3,205.06055953808198,93.53944046191805,5102.787518716369,2.0102737890564666,-0.07246376811594202,0.015873015873015817,-0.22891566265060237,0.31082951279279536,2.0,-38.0,0.04918032786885246,-0.04918032786885246
2025-02-20,NICL,157,113,125,114,6654,146.0,149.0,147.22,145.41668724638907,147.24388504474632,-1.827197798357247,1.1419026955600409,-2.9691004939172876,45.65266389244963,149.0,205.44820634882905,92.55179365117095,5250.522040743381,1.2673025555108253,-0.109375,-0.4,-0.3666666666666667,0.3057078080790979,-76.0,-66.0,-0.27388535031847133,-0.096
2025-02-21,NICL,128,201,163,125,2416,138.8,145.6,146.28,142.27565843925228,145.5961898562466,-3.320531416994328,0.24941587304916712,-3.569947290043495,47.17027376756672,145.6,199.15520516252346,92.04479483747653,4980.567560672582,0.48508527804685386,0.09649122807017552,-0.22360248447204967,-0.1007194244604317,0.275285466151888,-36.0,-14.0,-0.0234375,0.2331288343558282
2025-02-24,NICL,196,169,123,194,1960,139.8,149.8,146.96,150.2332494485981,149.18165727430244,1.0515921742956493,0.40985113329846357,0.6417410409971858,55.55430151549139,149.8,204.68752135048535,94.91247864951467,4692.894459656146,0.41765269107364744,0.552,0.02645502645502651,0.2847682119205297,0.27991514851386673,5.0,43.0,-0.01020408163265306,0.37398373983739835
2025-02-25,NICL,159,118,143,143,9918,140.8,147.45,146.56,149.12044184112148,148.7237567354652,0.3966851056562746,0.4072179277700258,-0.010532822113751228,49.32362629066241,147.45,199.18577099067898,95.714229009321,5190.523558736513,1.9107899015902468,-0.2628865979381443,0.03623188405797095,-0.04026845637583898,0.24061182677800405,5.0,-6.0,-0.10062893081761007,-0.17482517482517482
2025-02-26,NICL,102,122,137,161,4650,147.4,146.95,147.38,150.94806617325662,149.6331080883937,1.3149580848629228,0.5887659591886052,0.7261921256743176,51.39558069378173,146.95,197.95382338609508,95.9461766139049,5139.045124571131,0.9048373554392669,0.12587412587412583,0.2578125,0.2777777777777777,0.24042093275336512,33.0,35.0,0.5784313725490197,-0.10948905109489052
2025-02-27,NICL,120,201,153,111,8438,146.8,146.7,146.04,144.80220983890945,146.77139637814233,-1.9691865392328793,0.07717545950430826,-2.0463619987371877,45.79451909506814,146.7,198.35307348067468,95.0469265193253,5453.231303183405,1.5473394636816877,-0.31055900621118016,-0.02631578947368418,-0.4157894736842105,0.2395978061651997,-3.0,-79.0,-0.075,0.3137254901960784
2025-02-28,NICL,135,172,156,155,6264,152.8,148.7,146.18,146.37110063292337,147.380922572354,-1.0098219394306227,-0.14022402028267794,-0.8695979191479448,50.8687448604373,148.7,198.34715500408842,99.05284499591156,5530.44736954689,1.1326389316156191,0.39639639639639634,0.24,-0.037267080745341574,0.2534974484610779,30.0,-6.0,0.14814814814814814,0.10256410256410256
2025-03-03,NICL,116,122,172,170,10700,148.0,150.8,147.0,150.00631592016592,149.05640978921664,0.9499061309492731,0.07780200996371228,0.8721041209855609,52.50116813994616,150.8,200.32009693043813,101.2799030695619,6022.785715304329,1.776586534169817,0.09677419354838701,-0.12371134020618557,-0.10052910052910058,0.2532877157740686,-24.0,-19.0,0.46551724137931033,-0.29069767441860467
2025-03-04,NICL,163,127,121,203,10608,160.0,154.65,148.38,158.15919039398653,153.05223128631172,5.106959107674811,1.083633429505932,4.023325678168879,55.967392637571386,154.65,207.70572542148483,101.59427457851517,6459.472790037249,1.6422392886864112,0.1941176470588235,0.4195804195804196,0.4710144927536233,0.25509283725546356,60.0,65.0,0.24539877300613497,0.049586776859504134
2025-03-05,NICL,142,206,140,147,6481,157.2,153.7,148.74,156.44239187183476,152.60391785769605,3.8384740141387113,1.634601546432488,2.2038724677062236,49.38173869894135,153.7,206.58894024273874,100.81105975726123,6461.523000509892,1.0030143047526985,-0.27586206896551724,-0.08695652173913049,0.1484375,0.25720098136813363,-14.0,19.0,0.035211267605633804,0.4714285714285714
2025-03-06,NICL,115,113,126,188,2617,172.6,154.1,148.5,161.2974085069371,155.22584986823708,6.071558638700026,2.521992964885996,3.5495656738140298,53.67927625353729,154.1,207.8918209396186,100.30817906038138,6095.377952842284,0.42934171108777414,0.2789115646258504,0.6936936936936937,0.6491228070175439,0.26324188586372244,77.0,74.0,0.6347826086956522,-0.10317460317460317
2025-03-07,NICL,155,172,169,140,6714,169.6,154.15,149.18,158.02088412125448,154.09800913725655,3.9228749839979287,2.8021693687083826,1.120705615289546,48.4889214630386,154.15,207.88741713182716,100.41258286817285,6154.294338285876,1.0909455464669922,-0.25531914893617025,-0.09677419354838712,0.1200000000000001,0.26474553442050314,-15.0,15.0,-0.0967741935483871,0.01775147928994083
2025-03-10,NICL,158,118,111,195,7071,174.6,156.35,149.92,163.7099788718307,157.12778623820049,6.582192633630228,3.5581740216927518,3.0240186119374766,53.97983607876874,156.35,212.91951475839255,99.78048524160744,6241.5996394015065,1.132882659657104,0.3928571428571428,0.1470588235294117,0.005154639175257714,0.27668345690043183,25.0,1.0,0.23417721518987342,0.06306306306306306
2025-03-11,NICL,129,188,153,134,5660,160.8,155.6,150.26,159.13921289154905,155.41461688722268,3.724596004326372,3.591458418219476,0.13313758610689597,47.88333983335405,155.6,212.93201548873014,98.26798451126984,6186.209197553744,0.914938344186319,-0.3128205128205128,-0.33990147783251234,-0.06293706293706292,0.2879909417517625,-69.0,-9.0,0.03875968992248062,0.22875816993464052
2025-03-12,NICL,104,149,113,109,1528,153.2,154.75,149.86,151.42548783131073,151.97649711779877,-0.5510092864880392,2.762964877277973,-3.3139741637660123,45.609803956556675,154.75,214.2743647593151,95.22563524068491,5742.570226358149,0.2660829454007451,-0.18656716417910446,-0.25850340136054417,-0.3229813664596274,0.2891751363400853,-38.0,-52.0,0.04807692307692308,0.3185840707964602
2025-03-13,NICL,141,187,109,123,6906,140.2,151.4,149.76,147.05233585726293,149.83008992388775,-2.777754066624823,1.654821088497414,-4.432575155122237,47.123886708411014,151.4,210.1482765704662,92.6517234295338,5853.373061943087,1.1798325387631252,0.12844036697247696,-0.3457446808510638,0.10810810810810811,0.2678523603710381,-65.0,12.0,-0.1276595744680851,0.7155963302752294
2025-03-14,NICL,167,111,169,125,8112,137.2,149.6,149.38,143.6596688022994,147.99082400359978,-4.3311552013003904,0.4576258305378531,-4.788781031838243,47.34937250087332,149.6,209.2603721074549,89.93962789254508,6068.480389377079,1.336743217330012,0.016260162601626105,-0.1071428571428571,-0.19354838709677424,0.2650574107981822,-15.0,-30.0,-0.25149700598802394,-0.3431952662721893
2025-03-17,NICL,127,159,116,200,3487,138.2,150.15,150.36,152.3274120634841,151.84335555888867,0.48405650459542926,0.46291196534936835,0.02114453924606091,55.08456642080627,150.15,211.43384779042506,88.86615220957495,5822.625114198308,0.5988707724797614,0.6000000000000001,0.02564102564102555,0.17647058823529416,0.29367385693091225,5.0,30.0,0.5748031496062992,0.3706896551724138
2025-03-18,NICL,181,119,103,196,8481,150.6,153.05,151.28,159.046271746025,155.1142181100821,3.932053635942907,1.1567402994680762,2.775313336474831,54.6236398950213,153.05,217.1825970158701,88.91740298412992,6075.80367475085,1.3958647207849058,-0.020000000000000018,0.4626865671641791,-0.03448275862068961,0.28493391236306426,62.0,-7.0,0.08287292817679558,0.1553398058252427
2025-03-19,NICL,141,148,125,166,4970,162.0,154.95,151.2,160.1160760927904,155.9205723241501,4.195503768640293,1.7644929933025197,2.431010775337773,51.16563143463272,154.95,218.24763028739693,91.65236971260305,5970.489039060293,0.8324276231787937,-0.15306122448979587,0.5229357798165137,0.12925170068027203,0.2873704300289136,57.0,19.0,0.1773049645390071,0.184
2025-03-20,NICL,139,127,189,107,6912,158.8,154.6,149.44,151.94437207851493,152.2968262260649,-0.3524541475499632,1.3411035651320233,-1.6935577126819865,45.11646026102267,154.6,218.86943285886372,90.33056714113627,6060.1567496259795,1.1405645572495455,-0.35542168674698793,-0.13008130081300817,-0.4308510638297872,0.2995424595850934,-16.0,-81.0,-0.2302158273381295,-0.328042328042328
2025-03-21,NICL,111,166,123,114,3532,156.6,154.05,148.7,146.10677637412803,149.46002428339344,-3.3532479092654057,0.4022332702525374,-3.7554811795179432,45.93319115698718,154.05,219.50066844578436,88.59933155421565,5819.379916328267,0.6069375175333994,0.06542056074766345,-0.08799999999999997,-0.18571428571428572,0.29929968681971636,-11.0,-26.0,0.02702702702702703,0.34959349593495936
2025-03-24,NICL,111,189,154,176,3678,151.8,153.15,150.06,150.7057338550314,151.4259484105495,-0.7202145555180834,0.17774370509841328,-0.8979582606164968,52.65368770492851,153.15,216.85015698567776,89.44984301432225,5615.438971916052,0.6549799612095195,0.5438596491228069,-0.12,-0.09743589743589742,0.2985652908753801,-24.0,-19.0,0.5855855855855856,0.22727272727272727
2025-03-25,NICL,187,114,182,110,6300,134.6,151.5,148.22,144.44331326194967,148.35735963939769,-3.9140463774480168,-0.6406143114108728,-3.273432066037144,46.086475484566435,151.5,217.8219420704791,85.17805792952088,5680.635260304999,1.1090308937845355,-0.375,-0.4387755102040817,-0.17910447761194026,0.3054324323102767,-86.0,-24.0,-0.4117647058823529,-0.37362637362637363
2025-03-26,NICL,188,184,125,150,5884,131.4,150.95,148.7,145.29818814472665,148.47903670314602,-3.1808485584193704,-1.1486611608125723,-2.032187397606798,50.144944206926866,150.95,217.12998186763116,84.77001813236883,5700.003330752142,1.0322800985492722,0.36363636363636354,-0.09638554216867468,0.37614678899082565,0.31388237616186343,-16.0,41.0,-0.20212765957446807,0.472
